<?xml version="1.0" encoding="utf-8"?>
<Window>
  <Menu bkcolor="#FFFFFFFF" inset="1,5,1,5" itemtextpadding="20,0,0,0" hole="false" itembkcolor="#FFFFFFFF" itemselectedbkcolor="#FFE6E6E6" bordersize="1" bordercolor="#FFDCDCDC">
    <MenuElement  name="MyCaptionMenuShare" >
    	<Label name="MyCaptionMenuShare1" width="47" height="30" bkimage="file='menu/share.png' dest='22,7,37,23' source='0,0,16,16' " />
    	<Label name="MyCaptionMenuShare2" text="分享" />
    </MenuElement>
    <MenuElement  name="MyCaptionMenuDownload" >
    	<Label name="MyCaptionMenuDownload1" width="47" height="30" bkimage="file='menu/download.png' dest='22,7,37,23' source='0,0,16,16' " />
    	<Label name="MyCaptionMenuDownload2" text="下载" />
    </MenuElement>
    <MenuElement  name="MyCaptionMenuMove" >
    	<Label name="MyCaptionMenuMove1" width="47" height="30" bkimage="file='menu/move.png' dest='22,7,37,23' source='0,0,16,16' " />
    	<Label name="MyCaptionMenuMove2" text="移动" />
    </MenuElement>
    <MenuElement  name="MyCaptionMenuRename" >
    	<Label name="MyCaptionMenuRename1" width="47" height="30" bkimage="file='menu/rename.png' dest='22,7,37,23' source='0,0,16,16' " />
    	<Label name="MyCaptionMenuRename2" text="重命名" />
    </MenuElement>
    <MenuElement  name="MyCaptionMenuDelete" >
    	<Label name="MyCaptionMenuDelete1" width="47" height="30" bkimage="file='menu/delete.png' dest='22,7,37,23' source='0,0,16,16' " />
    	<Label name="MyCaptionMenuDelete2" text="删除" />
    </MenuElement>
  </Menu>
</Window>
