{"file_hashes":[{"block_hashes":["n4gArkP0wrZwOJca7t74K4phHT7Z0s3vYQEpxjxCdQY="],"block_size":4096,"path":"background.js"},{"block_hashes":["gEL1o+F/apFsx9P4pxRNUQRgnxEGCiGJSU+5k/3Y3Xc=","xw68X3yvD3QDU7cfYOsDpNp9tZt/+kYOPL4TmSYnPXU=","WrGs/uoJpYm1RtO41oJE8ed8DGaO0I2qY8FK04ELVWo=","RrjX+QgqTzed3kwIuizPSBFWBbWbPta1XBqNCrL/erw="],"block_size":4096,"path":"content.js"},{"block_hashes":["6nIt+mmi7HXVSP2LNAPY1uMml+ih0hhYojwB3Rm3a6Q="],"block_size":4096,"path":"license.txt"},{"block_hashes":["vO+cab8jgjRpO4MbZm4OlzfkRcwfoehY/D0+1yPdolg="],"block_size":4096,"path":"viewer.css"},{"block_hashes":["XNndwBVIsoZUNM+kbnoBSrDlmby7w9n0D7JNUwsLwq0="],"block_size":4096,"path":"viewer.js"}],"version":2}