<application>
  <component name="CosySettings">
    <option name="parameter">
      <ChangeUserSettingParams>
        <option name="allowReportUsage" value="true" />
        <option name="cloud">
          <CloudModelParam>
            <option name="autoTrigger">
              <CloudModelAutoTrigger>
                <option name="enable" value="true" />
                <option name="generateLength" value="level_1" />
                <option name="modelLevel" value="large" />
              </CloudModelAutoTrigger>
            </option>
            <option name="enable" value="true" />
            <option name="manualTrigger">
              <CloudModelManualTrigger>
                <option name="generateLength" value="level_2" />
                <option name="modelLevel" value="large" />
              </CloudModelManualTrigger>
            </option>
          </CloudModelParam>
        </option>
        <option name="local">
          <LocalModelParam>
            <option name="enable" value="false" />
            <option name="inferenceMode" value="auto" />
            <option name="maxCandidateNum" value="3" />
          </LocalModelParam>
        </option>
      </ChangeUserSettingParams>
    </option>
    <option name="recentQueries">
      <map>
        <entry key="Lottery|1445245496256313">
          <value>
            <list>
              <option value="/explain code" />
              <option value="@灵码 开盲盒" />
              <option value="@灵码 开盲盒" />
              <option value="重新生成" />
              <option value="重新生成" />
              <option value="/explain code" />
              <option value="/explain code" />
              <option value="/explain code" />
            </list>
          </value>
        </entry>
        <entry key="biocloud-data-warehouse|1445245496256313">
          <value>
            <list>
              <option value="/explain code" />
              <option value="/explain code" />
            </list>
          </value>
        </entry>
        <entry key="luren|1445245496256313">
          <value>
            <list>
              <option value="/explain code" />
              <option value="/explain code" />
              <option value="你是一位资深面试官，说下分布式锁的优缺点" />
              <option value="/explain code" />
              <option value="自动补全代码" />
              <option value="/explain code" />
              <option value="/generate optimization" />
              <option value="/explain code" />
              <option value="/explain code" />
              <option value="/explain code" />
              <option value="/explain code" />
              <option value="/explain code" />
              <option value="/explain code" />
              <option value="/explain code" />
              <option value="/explain code" />
              <option value="/explain code" />
              <option value="/explain code" />
            </list>
          </value>
        </entry>
        <entry key="mykit-data|1445245496256313">
          <value>
            <list>
              <option value="/explain code" />
            </list>
          </value>
        </entry>
        <entry key="seckill|1445245496256313">
          <value>
            <list>
              <option value="springboot常用注解有哪些" />
              <option value="/explain code" />
              <option value="/explain code" />
            </list>
          </value>
        </entry>
        <entry key="srs|1445245496256313">
          <value>
            <list>
              <option value="/explain code" />
              <option value="/explain code" />
              <option value="/explain code" />
              <option value="/explain code" />
            </list>
          </value>
        </entry>
        <entry key="yshop|1445245496256313">
          <value>
            <list>
              <option value="/explain code" />
              <option value="/explain code" />
              <option value="/explain code" />
            </list>
          </value>
        </entry>
      </map>
    </option>
    <option name="showInlineAcceptTips" value="false" />
    <option name="showInlineTriggerTips" value="false" />
  </component>
</application>