<application>
  <component name="ProjectManager">
    <defaultProject>
      <component name="AnalysisProjectProfileManager">
        <option name="PROJECT_PROFILE" />
        <option name="USE_PROJECT_LEVEL_SETTINGS" value="false" />
        <list size="0" />
      </component>
      <component name="MavenImportPreferences">
        <option name="generalSettings">
          <MavenGeneralSettings>
            <option name="localRepository" value="D:\repository" />
            <option name="userSettingsFile" value="D:\工作软件\maven\apache-maven-3.3.9\conf\settings.xml" />
          </MavenGeneralSettings>
        </option>
      </component>
      <component name="NodePackageJsonFileManager">
        <packageJsonPaths />
      </component>
      <component name="PropertiesComponent"><![CDATA[{
  "keyToString": {
    "last_opened_file_path": "D:/repository/io/github/fuzhengwei/ddd-scaffold-lite",
    "settings.editor.selected.configurable": "MavenSettings"
  }
}]]></component>
      <component name="SuppressionsComponent">
        <option name="suppComments" value="[]" />
      </component>
      <component name="WindowStateProjectService">
        <state x="553" y="169" key="FileChooserDialogImpl" timestamp="1714713113375">
          <screen x="0" y="0" width="1536" height="824" />
        </state>
        <state x="553" y="169" key="FileChooserDialogImpl/0.0.1536.824" timestamp="1714713113375" />
        <state x="274" y="54" key="SettingsEditor" timestamp="1714713126851">
          <screen x="0" y="0" width="1536" height="824" />
        </state>
        <state x="274" y="54" key="SettingsEditor/0.0.1536.824" timestamp="1714713126851" />
      </component>
      <component name="masterDetails">
        <states>
          <state key="ProjectJDKs.UI">
            <settings>
              <last-edited>1.8</last-edited>
              <splitter-proportions>
                <option name="proportions">
                  <list>
                    <option value="0.2" />
                  </list>
                </option>
              </splitter-proportions>
            </settings>
          </state>
        </states>
      </component>
    </defaultProject>
  </component>
</application>