<?xml version="1.0" encoding="utf-8"?>
<Window size="834,556" roundcorner="0,0" showdirty="false" >
  <Font id="1" name="微软雅黑" size="15" />
  <Font id="1041" name="微软雅黑" size="15" />
  <Font id="141" name="微软雅黑" size="14" />
  <Font id="111" name="微软雅黑" size="11" />
  <Default name="VScrollBar"  value="button1normalimage=&quot;file='scrollbar.bmp' source='0,90,16,106' mask='#FFFF00FF'&quot; button1hotimage=&quot;file='scrollbar.bmp' source='18,90,34,106' mask='#FFFF00FF'&quot; button1pushedimage=&quot;file='scrollbar.bmp' source='36,90,52,106' mask='#FFFF00FF'&quot; button1disabledimage=&quot;file='scrollbar.bmp' source='54,90,70,106' mask='#FFFF00FF'&quot; button2normalimage=&quot;file='scrollbar.bmp' source='0,108,16,124' mask='#FFFF00FF'&quot; button2hotimage=&quot;file='scrollbar.bmp' source='18,108,34,124' mask='#FFFF00FF'&quot; button2pushedimage=&quot;file='scrollbar.bmp' source='36,108,52,124' mask='#FFFF00FF'&quot; button2disabledimage=&quot;file='scrollbar.bmp' source='54,108,70,124' mask='#FFFF00FF'&quot; thumbnormalimage=&quot;file='scrollbar.bmp' source='0,126,16,142' corner='4,4,4,4' mask='#FFFF00FF'&quot; thumbhotimage=&quot;file='scrollbar.bmp' source='18,126,34,142' corner='4,4,4,4' mask='#FFFF00FF'&quot; thumbpushedimage=&quot;file='scrollbar.bmp' source='36,126,52,142' corner='4,4,4,4' mask='#FFFF00FF'&quot; thumbdisabledimage=&quot;file='scrollbar.bmp' source='54,126,70,142' corner='2,2,2,2' mask='#FFFF00FF'&quot; railnormalimage=&quot;file='scrollbar.bmp' source='0,144,16,160' corner='2,2,2,2' mask='#FFFF00FF'&quot; railhotimage=&quot;file='scrollbar.bmp' source='18,144,34,160' corner='2,2,2,2' mask='#FFFF00FF'&quot; railpushedimage=&quot;file='scrollbar.bmp' source='36,144,52,160' corner='2,2,2,2' mask='#FFFF00FF'&quot; raildisabledimage=&quot;file='scrollbar.bmp' source='54,144,70,160' corner='2,2,2,2' mask='#FFFF00FF'&quot; bknormalimage=&quot;file='scrollbar.bmp' source='0,162,16,178' corner='4,4,4,4' mask='#FFFF00FF'&quot; bkhotimage=&quot;file='scrollbar.bmp' source='18,162,34,178' corner='4,4,4,4' mask='#FFFF00FF'&quot; bkpushedimage=&quot;file='scrollbar.bmp' source='36,162,52,178' corner='4,4,4,4' mask='#FFFF00FF'&quot; bkdisabledimage=&quot;file='scrollbar.bmp' source='54,162,70,178' corner='2,2,2,2' mask='#FFFF00FF'&quot; width=&quot;9&quot; "  />
  <HorizontalLayout name="MainContainer" bkcolor="#FFFFFFFF" >
      <VerticalLayout width="259" >
        <HorizontalLayout height="121" />
        <HorizontalLayout height="289" >
          <HorizontalLayout />
          <Label width="228" bkimage="MyDevice\linktip1.png" />
          <HorizontalLayout />
        </HorizontalLayout>
      </VerticalLayout>
      <HorizontalLayout width="1" bkcolor="#FFE6E6E6" />

      <VerticalLayout  >
        <HorizontalLayout height="34" >
          <HorizontalLayout />
          <VerticalLayout width="17" >
              <HorizontalLayout width="17" />
              <Button  name="close" width="17" height="14" normalimage="file='vclose.png' source='0,0,17,14'" hotimage="file='vclose.png' source='17,0,34,14'" pushedimage="file='vclose.png' source='34,0,51,14'" />
              <HorizontalLayout />
          </VerticalLayout>
          <HorizontalLayout width="10" />
        </HorizontalLayout>
        <HorizontalLayout height="6" />
        <VerticalLayout  vscrollbar="true" scrollstepsize="100" >
          <VerticalLayout height="1050" >
            <HorizontalLayout height="19" >
              <HorizontalLayout />
              <Label width="189" bkimage="MyDevice\linktip2.png" />
              <HorizontalLayout />
            </HorizontalLayout>
            <HorizontalLayout height="60" />
            <HorizontalLayout height="16" >
              <HorizontalLayout width="100" />
              <Label width="141" bkimage="MyDevice\linktip3.png" />
              <HorizontalLayout />
            </HorizontalLayout>
            <HorizontalLayout height="40" />
            <HorizontalLayout height="130" >
                <HorizontalLayout />
                <Label width="100" bkimage="MyDevice/ios_qr.png" />
                <HorizontalLayout width="123" />
                <Label width="100" bkimage="MyDevice/android_qr.png" />
                <HorizontalLayout />
            </HorizontalLayout>
            <HorizontalLayout height="60" />
            <HorizontalLayout height="16" >
              <HorizontalLayout width="100" />
              <Label width="69" bkimage="MyDevice\linktip6.png" />
              <HorizontalLayout />
            </HorizontalLayout>
            <HorizontalLayout height="40" />
            <HorizontalLayout height="30" >
                <HorizontalLayout />
                <Label width="30" bkimage="MyDevice/wechat.png" />
                <HorizontalLayout width="32" />
                <Label width="30" bkimage="MyDevice/qq.png" />
                <HorizontalLayout width="32" />
                <Label width="30" bkimage="MyDevice/mail.png" />
                <HorizontalLayout />
            </HorizontalLayout>
            <HorizontalLayout height="60" />
            <HorizontalLayout height="16" >
              <HorizontalLayout width="100" />
              <Label width="330" bkimage="MyDevice\linktip4.png" />
              <HorizontalLayout />
            </HorizontalLayout>
            <HorizontalLayout height="40" />
            <HorizontalLayout height="396" >
                <HorizontalLayout  />
                <Label width="256" bkimage="MyDevice/devtip.png" />
                <HorizontalLayout />
            </HorizontalLayout>
            <HorizontalLayout height="50" />
            <VerticalLayout height="55" bkcolor="#FFF9F4E9" >
              <HorizontalLayout />
              <HorizontalLayout height="48" >
                <HorizontalLayout width="166" />
                <Label width="213" bkimage="MyDevice\linktip5.png" />
                <HorizontalLayout />
              </HorizontalLayout>
              <HorizontalLayout />
            </VerticalLayout >
            <HorizontalLayout height="27" />
          </VerticalLayout>
        </VerticalLayout>
      </VerticalLayout>
  </HorizontalLayout>
</Window>