<?xml version="1.0" encoding="utf-8" standalone="yes" ?>
<Root>
    <HorizontalLayout visible="true" name="MyDeviceRootView" bkcolor="#FFFFFFFF">
        <Control width="34"/>
        <VerticalLayout>
            <HorizontalLayout height="28" >
            <HorizontalLayout height="22">
                <Option name="MyDeviceFirstTab"  width="70" normalimage="file='MyDevice\firsttab.png' source='0,0,70,22'" selectedimage="file='MyDevice\firsttab.png' source='70,0,140,22'" selected="true" group="mydevide_tab"  />
                <Label width="20" />
                <Option name="MyDeviceiPhoneTab"  width="86" normalimage="file='MyDevice\iPhone-1.png'" selectedimage="file='MyDevice\iPhone-2.png'" group="mydevide_tab"  />
                <Label width="20" />
                <Option name="MyDeviceAndroidTab"  width="86" normalimage="file='MyDevice\android-1.png'" selectedimage="file='MyDevice\android-2.png'" group="mydevide_tab" />
                <Label width="20"  />
                <Option1 name="MyDeviceMacTab"  width="70" normalimage="file='MyDevice\Mac-1.png'" selectedimage="file='MyDevice\Mac-2.png'" group="mydevide_tab" />
                <Label width="20" visible="false" />
                <Option name="MyDeviceTransferTab"  width="70" normalimage="file='MyDevice\transfer-1.png'" selectedimage="file='MyDevice\transfer-2.png'" visible="false" group="mydevide_tab" />
                <VerticalLayout >
                    <Control name="sapce"/>
                    <Control height="1" bkcolor="#FFFFFFFF"/>
                </VerticalLayout>
            </HorizontalLayout>
            <HorizontalLayout height="28" width="332" >
                <HorizontalLayout />
                <VerticalLayout name="devicefilesearch"  height="27" width="270" >
                <HorizontalLayout >
                    <HorizontalLayout />
                    <Label width="12" name="devslbk" bkimage="sfl.png" />
                    <Edit  name="devsearch1" width="232" tipvalue="搜索我的文档" tipvaluecolor="0xFFACACAC"  bkimage="sfc.png" nativebkcolor="#FFFFFFFF"  />
                    <Button width="14" name="devfbtn" bkcolor="#FFFFFFFF" normalimage="file='sfbtn.png' source='0,0,14,27'" hotimage="file='sfbtn.png' source='14,0,28,27'" pushedimage="file='sfbtn.png' source='14,0,28,27'" />
                    <Label width="12" name="devslbk2"  bkimage="sfr.png" />
                    <HorizontalLayout width="62" />
                </HorizontalLayout>
                </VerticalLayout>
                <HorizontalLayout width="62" />
            </HorizontalLayout>
            </HorizontalLayout>

            <TabLayout name="MyDeviceTabLayout" >
                <!-- 我的iPhone -->
                <TabLayout name="MyiPhoneView">
                    <!-- 检测设备 -->
                    <Container>
                        <HorizontalLayout  >
                            <Control comment="space"/>
                            <VerticalLayout width="644">
                                <Control comment="space"/>
                                <VerticalLayout height="424">
                                    <Control height="12"/>
                                    <Label text="未检测到设备"  height="40" align="center" font="11" textcolor="#FF666666"/>
                                    <Label text="请先安装客户端,并登入" height="30" align="center" textcolor="#FF666666"/>
                                    <Control height="36"/>
                                    <Container bordercolor="#FFDCDCDC" bordersize="1">
                                        <Control float="true" pos="31,55,188,70" bkimage="MyDevice\help-text-1.png"/>
                                        <Control float="true" pos="284,55,356,69" bkimage="MyDevice\help-text-2.png"/>
                                        <Control float="true" pos="47,111,171,235" bkimage="MyDevice\QCode.png"/>
                                        <Control float="true" pos="51,115,167,231" bkimage="MyDevice\iosdev.png"/>
                                        <Control float="true" pos="245,145,275,175" bkimage="MyDevice\qq.png"/>
                                        <Control float="true" pos="307,145,337,175" bkimage="MyDevice\wechat.png"/>
                                        <Control float="true" pos="369,145,399,175" bkimage="MyDevice\mail.png"/>
                                        <Control float="true" pos="462,51,632,91" bkimage="MyDevice\help-text-3.png"/>
                                        <Control float="true" pos="470,114,620,220" bkimage="MyDevice\help-3.png"/>
                                    </Container>
                                </VerticalLayout>   
                                <Control comment="space"/>
                            </VerticalLayout>

                            <Control comment="space"/>
                        </HorizontalLayout>
                        <VerticalLayout  >
                            <Control height="119"/>
                            <HorizontalLayout  height="16">
                                <Control comment="space"/>
                                <HorizontalLayout width="130">
                                    <Button name="MyDeviceScanDevice"  width="16" normalimage="file='MyDevice\refresh-1.png'" hotimage="file='MyDevice\refresh-2.png'" pushedimage="file='MyDevice\refresh-3.png'"/>
                                    <Control comment="space"/>
                                </HorizontalLayout>
                            </HorizontalLayout>
                        </VerticalLayout>
                    </Container>   

                    <!-- 设备文件管理 -->
                    <VerticalLayout  >
                        <Control height="26"/>
                        <HorizontalLayout height="26">
                            <Container width="210">
                                <Button name="mydevice_upload_iphone" float="true" pos="20,1,69,18" normalimage="file='MyDevice\upload-1.png'" hotimage="file='MyDevice\upload-2.png'" pushedimage="file='MyDevice\upload-3.png'"/>
                                <Button name="mydevice_download_iphone" float="true" pos="130,0,184,19" visible="false" normalimage="file='MyDevice\download-1.png'" hotimage="file='MyDevice\download-2.png'" pushedimage="file='MyDevice\download-3.png'"  />
                            </Container>

                            <Control sapce ="space"/>
                            
                                
                            <Container name="TranferDanymicLay" width="120" visible="false">
                                <Button name="tr_dyna" textpadding="35,0,0,0" align="center" valign="center" text="正在上传" textcolor="#FFFFFFFF" font="4" bkcolor="#00000000" normalimage="file='MyCloud\transfertip.png' source='0,0,120,26'" hotimage="file='MyCloud\transfertip.png' source='120,0,240,26'" pushedimage="file='MyCloud\transfertip.png' source='240,0,360,26'" />
                                 <GifAnim name="tr_anmi" float="true" pos="10,5,26,21" bkimage="MyCloud\transfer.gif" />
                            </Container>
                                
                            <Control width="62" />

                        </HorizontalLayout>
                        <Control height="18"/>
                        <HorizontalLayout height="36" name="MyDevicePathContainer">
                            <Control width="20"/>
                            <Button2 name="mydevice_all" width="20" text="全部文档" textcolor="#FF666666"/>
                            <Control2 comment="space"/>
                        </HorizontalLayout>

                        <HorizontalLayout >
                            <Container1 width="44">
                                <Button name="mydevice_check" float="true" pos="20,0,34,14" normalimage="file='MyDevice\check.png'" hotimage="file='MyDevice\check.png'" pushedimage="file='MyDevice\check.png'" />
                            </Container1>
                            <List name="devfilelist" childpadding="8" itembkcolor="#00000000" itemhotbkcolor="#fff9f4e9" itemselectedbkcolor="#fff9f4e9" itemaltbk="false" vscrollbar="true" hscrollbar="true">
                                <ListHeader height="44" menu="true">
                                    <ListHeaderItem>
                                        <Option name="filelist_select_all"  float="true" pos="14,15,28,29" normalimage="file='Filelist\check.png'" selectedimage="file='Filelist\check_sel.png'"/>
                                        <Label text="文件名" float="true" pos="41,15,92,29" textcolor="#FF666666"/>
                                    </ListHeaderItem>
                                    <ListHeaderItem text="大小" align="left" textcolor="#FF9B9B9B" width="101" hotimage="file='list_header_hot.png'" pushedimage="file='list_header_pushed.png'" sepimage="file='list_header_sep.png'" />
                                    <ListHeaderItem text="修改时间" align="left" textcolor="#FF9B9B9B" width="201" hotimage="file='list_header_hot.png'" pushedimage="file='list_header_pushed.png'" sepimage="file='list_header_sep.png'" />
                                </ListHeader>
                            </List>
                        </HorizontalLayout>
                        <Control height="55"/>
                    </VerticalLayout>   
                </TabLayout>
                <!-- 我的Android -->
                <TabLayout name="MyAndroidView" >
                    <!-- 检测设备 -->
                    <Container>
                        <HorizontalLayout >
                            <Control comment="space"/>
                            <VerticalLayout width="644">
                                <Control comment="space1" />
                                <VerticalLayout height="424">
                                    <Control height="12"/>
                                    <Label text="未检测到设备"  height="40" align="center" font="11" textcolor="#FF666666"/>
                                    <Label text="请先安装客户端,并登入" height="30" align="center" textcolor="#FF666666"/>
                                    <Control height="36"/>
                                    <Container bordercolor="#FFDCDCDC" bordersize="1">
                                        <Control float="true" pos="243,53,391,72" bkimage="MyDevice\help-text-1a.png"/>
                                        <Control float="true" visible="false" pos="412,55,484,69" bkimage="MyDevice\help-text-2.png"/>
                                        <Control float="true" pos="259,95,383,219" bkimage="MyDevice\QCode.png"/>
                                        <Control float="true" pos="263,99,379,215" bkimage="MyDevice\android.png"/>
                                        <Control float="true" visible="false" pos="373,145,403,175" bkimage="MyDevice\qq.png"/>
                                        <Control float="true" visible="false" pos="435,145,465,175" bkimage="MyDevice\wechat.png"/>
                                        <Control float="true" visible="false" pos="497,145,527,175" bkimage="MyDevice\mail.png"/>
                                        
                                    </Container>
                                </VerticalLayout>   
                                <Control comment="space2" />
                            </VerticalLayout>

                            <Control comment="space"  />
                        </HorizontalLayout>
                        <VerticalLayout  >
                            <Control height="119"/>
                            <HorizontalLayout  height="16">
                                <Control comment="space"/>
                                <HorizontalLayout width="130">
                                    <Button name="refresh"  width="16" normalimage="file='MyDevice\refresh-1.png'" hotimage="file='MyDevice\refresh-2.png'" pushedimage="file='MyDevice\refresh-3.png'"/>
                                    <Control comment="space"/>
                                </HorizontalLayout>
                            </HorizontalLayout>
                        </VerticalLayout>
                    </Container>   

                    <!-- 设备文件管理 -->
                    <VerticalLayout  >
                        <Control height="26"/>
                        <HorizontalLayout height="26">
                            <Container width="210">
                                <Button name="mydevice_upload_iphone" float="true" pos="20,1,69,18" normalimage="file='MyDevice\upload-1.png'" hotimage="file='MyDevice\upload-2.png'" pushedimage="file='MyDevice\upload-3.png'"/>
                                <Button name="mydevice_download_iphone" float="true" pos="130,0,184,19" visible="false" normalimage="file='MyDevice\download-1.png'" hotimage="file='MyDevice\download-2.png'" pushedimage="file='MyDevice\download-3.png'"  />
                            </Container>

                            <Control sapce ="space"/>
                            
                                
                            <Container name="TranferDanymicLay" width="120" visible="false">
                                <Button name="tr_dyna" textpadding="35,0,0,0" align="center" valign="center" text="正在上传" textcolor="#FFFFFFFF" font="4" bkcolor="#00000000" normalimage="file='MyCloud\transfertip.png' source='0,0,120,26'" hotimage="file='MyCloud\transfertip.png' source='120,0,240,26'" pushedimage="file='MyCloud\transfertip.png' source='240,0,360,26'" />
                                <GifAnim name="tr_anmi" float="true" pos="10,5,26,21" bkimage="MyCloud\transfer.gif" />
                            </Container>
                                
                            <Control width="62" />

                        </HorizontalLayout>
                        <Control height="18"/>
                        <HorizontalLayout height="36" name="MyDevicePathContainer">
                            <Control width="20"/>
                            <Button2 name="mydevice_all" width="20" text="全部文档" textcolor="#FF666666"/>
                            <Control2 comment="space"/>
                        </HorizontalLayout>

                        <HorizontalLayout >
                            <Container1 width="44">
                                <Button name="mydevice_check" float="true" pos="20,0,34,14" normalimage="file='MyDevice\check.png'" hotimage="file='MyDevice\check.png'" pushedimage="file='MyDevice\check.png'" />
                            </Container1>
                            <List name="devfilelist" childpadding="8" itembkcolor="#00000000" itemhotbkcolor="#fff9f4e9" itemselectedbkcolor="#fff9f4e9" itemaltbk="false" vscrollbar="true" hscrollbar="true">
                                <ListHeader height="44" menu="true">
                                    <ListHeaderItem>
                                        <Option name="filelist_select_all"  float="true" pos="14,15,28,29" normalimage="file='Filelist\check.png'" selectedimage="file='Filelist\check_sel.png'"/>
                                        <Label text="文件名" float="true" pos="41,15,92,29" textcolor="#FF666666"/>
                                    </ListHeaderItem>
                                    <ListHeaderItem text="大小" align="left" textcolor="#FF9B9B9B" width="101" hotimage="file='list_header_hot.png'" pushedimage="file='list_header_pushed.png'" sepimage="file='list_header_sep.png'" />
                                    <ListHeaderItem text="修改时间" align="left" textcolor="#FF9B9B9B" width="201" hotimage="file='list_header_hot.png'" pushedimage="file='list_header_pushed.png'" sepimage="file='list_header_sep.png'" />
                                </ListHeader>
                            </List>
                        </HorizontalLayout>
                        <Control height="55"/>
                    </VerticalLayout>  

                    <!-- 设备文件管理 -->
                    <VerticalLayout1>
                        <Control height="26"/>
                        <Container height="17">
                            <Button name="mydevice_upload_android" float="true" pos="20,1,69,18" normalimage="file='MyDevice\upload-1.png'" hotimage="file='MyDevice\upload-2.png'" pushedimage="file='MyDevice\upload-3.png'"/>
                            <Button name="mydevice_download_android" float="true" pos="130,0,184,19" normalimage="file='MyDevice\download-1.png'" hotimage="file='MyDevice\download-2.png'" pushedimage="file='MyDevice\download-3.png'"  />
                            
                        </Container>
                        <Control height="18"/>
                        <HorizontalLayout height="36">
                            <Control width="20"/>
                            <Label text="全部文档" textcolor="#FF666666"/>
                        </HorizontalLayout>

                        <HorizontalLayout>
                            <Container1 width="44">
                                <Button name="mydevice_check" float="true" pos="20,0,34,14" normalimage="file='MyDevice\check.png'" hotimage="file='MyDevice\check.png'" pushedimage="file='MyDevice\check.png'" />
                            </Container1>
                            <List name="devfilelist" childpadding="8"  header="hidden" itembkcolor="#00000000" itemhotbkcolor="#fff9f4e9" itemselectedbkcolor="#fff9f4e9" itemaltbk="false" vscrollbar="true" hscrollbar="true">
                                <ListHeader height="44" menu="true">
                                    <ListHeaderItem>
                                        <Option name="filelist_select_all"  float="true" pos="14,15,28,29" normalimage="file='Filelist\check.png'" selectedimage="file='Filelist\check_sel.png'"/>

                                        <Label text="文件名" float="true" pos="41,15,92,29" textcolor="#FF666666"/>
                                    </ListHeaderItem>
                                    <ListHeaderItem text="大小" align="left" textcolor="#FF9B9B9B" width="200" hotimage="file='list_header_hot.png'" pushedimage="file='list_header_pushed.png'" sepimage="file='list_header_sep.png'" />
                                    <ListHeaderItem text="修改时间" align="left" textcolor="#FF9B9B9B" width="101" hotimage="file='list_header_hot.png'" pushedimage="file='list_header_pushed.png'" sepimage="file='list_header_sep.png'" />
                                </ListHeader>
                            </List>
                        </HorizontalLayout>
                        <Control height="55"/>
                    </VerticalLayout1>   
                </TabLayout>
                <!-- 我的Mac -->
                <TabLayout >
                    <!-- 检测设备 -->
                    <Container>
                        <HorizontalLayout >
                            <Control comment="space"/>
                            <VerticalLayout width="644">
                                <Control comment="space"/>
                                <VerticalLayout height="424">
                                    <Control height="12"/>
                                    <Label text="未检测到设备"  height="40" align="center" font="11" textcolor="#FF666666"/>
                                    <Label text="请先安装客户端,并登入" height="30" align="center" textcolor="#FF666666"/>
                                    <Control height="36"/>
                                    <Container bordercolor="#FFDCDCDC" bordersize="1">
                                        <Label1 text="1.扫描二维码，安装APP" float="true" pos="90,53,261,72" textcolor="#FF666666"/>
                                        <Label1 text="2.登入账号" float="true" pos="412,53,494,72" textcolor="#FF666666"/>
                                        <Control float="true" pos="90,55,247,70" bkimage="MyDevice\help-text-1.png"/>
                                        <Control float="true" pos="412,55,484,69" bkimage="MyDevice\help-text-2.png"/>
                                        <Control float="true" pos="79,103,253,206" bkimage="MyDevice\help-mac.png"/>
                                        <Control float="true" pos="373,145,403,175" bkimage="MyDevice\qq.png"/>
                                        <Control float="true" pos="435,145,465,175" bkimage="MyDevice\wechat.png"/>
                                        <Control float="true" pos="497,145,527,175" bkimage="MyDevice\mail.png"/>
                                        
                                    </Container>
                                </VerticalLayout>   
                                <Control comment="space"/>
                            </VerticalLayout>

                            <Control comment="space"/>
                        </HorizontalLayout>
                        <VerticalLayout>
                            <Control height="20"/>
                            <HorizontalLayout height="16">
                                <Control comment="space"/>
                                <HorizontalLayout width="113">
                                    <Button name="refresh" width="16" normalimage="file='MyDevice\refresh-1.png'" hotimage="file='MyDevice\refresh-2.png'" pushedimage="file='MyDevice\refresh-3.png'"/>
                                    <Control comment="space"/>
                                </HorizontalLayout>
                            </HorizontalLayout>
                        </VerticalLayout>
                    </Container>   

                    <!-- 设备文件管理 -->
                    <VerticalLayout  >
                        <Control height="26"/>
                        <Container height="17">
                            <Button name="mydevice_upload_mac"  float="true" pos="20,1,69,18" normalimage="file='MyDevice\upload-1.png'" hotimage="file='MyDevice\upload-2.png'" pushedimage="file='MyDevice\upload-3.png'"/>
                            <Button name="mydevice_download_mac" float="true" pos="130,0,184,19" normalimage="file='MyDevice\download-1.png'" hotimage="file='MyDevice\download-2.png'" pushedimage="file='MyDevice\download-3.png'"  />
                            
                        </Container>
                        <Control height="18"/>
                        <HorizontalLayout height="36">
                            <Control width="20"/>
                            <Label text="全部文档" textcolor="#FF666666"/>
                        </HorizontalLayout>

                        <HorizontalLayout>
                            <Container1 width="44">
                                <Button name="mydevice_check" float="true" pos="20,0,34,14" normalimage="file='MyDevice\check.png'" hotimage="file='MyDevice\check.png'" pushedimage="file='MyDevice\check.png'" />
                            </Container1>
                            <List name="mydevide_list" bkcolor="#FFFFFFFF" inset="0,0,0,0" itemshowhtml="true" vscrollbar="true" hscrollbar="true" headerbkimage="file='list_header_bg.png'" itemalign="center" itembkcolor="#FFE2DDDF" itemaltbk="true" hscrollbar="false" menu="true">
                                <ListHeader height="44" menu="true">
                                    <ListHeaderItem>
                                        <Option name="filelist_select_all"  float="true" pos="14,15,28,29" normalimage="file='Filelist\check.png'" selectedimage="file='Filelist\check_sel.png'"/>

                                        <Label text="文件名" float="true" pos="41,15,92,29" textcolor="#FF666666"/>
                                    </ListHeaderItem>
                                    <ListHeaderItem text="大小" align="left" textcolor="#FF9B9B9B" width="200" hotimage="file='list_header_hot.png'" pushedimage="file='list_header_pushed.png'" sepimage="file='list_header_sep.png'" />
                                    <ListHeaderItem text="修改时间" align="left" textcolor="#FF9B9B9B" width="101" hotimage="file='list_header_hot.png'" pushedimage="file='list_header_pushed.png'" sepimage="file='list_header_sep.png'" />
                                </ListHeader>
                            </List>
                        </HorizontalLayout>
                        <Control height="55"/>
                    </VerticalLayout>   
                </TabLayout>


                <!-- 我的传输 -->
                <VerticalLayout >
                    <Control height="20"/>
                    <!-- 我的上传、我的下载、全部开始暂停 -->
                    <HorizontalLayout height="20">
                        <HorizontalLayout >
                            <Option name="MyTransferMyDownload" float="true" pos="119,3,176,17" normalimage="file='MyDevice\mydownload-1.png'" selectedimage="file='MyDevice\mydownload-2.png'" group="MyDeviceTransferTabOpt" />
                            <Option name="MyTransferMyUpload" float="true" pos="22,3,79,17" normalimage="file='MyDevice\myupload-1.png'" selectedimage="file='MyDevice\myupload-2.png'" group="MyDeviceTransferTabOpt" selected="true" />
                        </HorizontalLayout>
                        <HorizontalLayout1 width="240">
                            <Button name="runall" width="70" normalimage="file='MyDevice\runall-1.png'" hotimage="file='MyDevice\runall-2.png'" pushedimage="file='MyDevice\runall-3.png'" />
                            <Control comment="space" width="41"/>
                            <Button name="runpause" width="70" normalimage="file='MyDevice\runpause-1.png'" hotimage="file='MyDevice\runpause-2.png'" pushedimage="file='MyDevice\runpause-3.png'" />
                        </HorizontalLayout1>
                    </HorizontalLayout>

                    <Control height="20"/>
                    <HorizontalLayout height="12">
                        <Control width="22"/>
                        <Label name="mydevice_completed_txt" text="共下载完成0份文档" font="4" textcolor="#FFA2A2A2"/>
                        <Button name="deviceclearAll" width="49" normalimage="file='MyDevice\clearAll-1.png'" hotimage="file='MyDevice\clearAll-2.png'" pushedimage="file='MyDevice\clearAll-1.png'" />
                        <Control comment="space" width="62"/>
                    </HorizontalLayout>

                    <Control height="18"/>
                    <HorizontalLayout>
                        <Control comment="space" width="20"/>
                        <TabLayout name="mydevice_transfer_list_tablayout">
                            <List name="mydevice_upload_list" childpadding="8"  header="hidden" itembkcolor="#00000000" itemhotbkcolor="#fff9f4e9" itemselectedbkcolor="#fff9f4e9" itemaltbk="false" vscrollbar="true" hscrollbar="true">
                            </List>
                            <List name="mydevice_downlaod_list" childpadding="8"  header="hidden" itembkcolor="#00000000" itemhotbkcolor="#fff9f4e9" itemselectedbkcolor="#fff9f4e9" itemaltbk="false" vscrollbar="true" hscrollbar="true">
                            </List>
                        </TabLayout>
                        
                        <Control comment="space" width="20"/>
                    </HorizontalLayout>
                    <Control height="55"/>  

                </VerticalLayout>
                <!-- 首页 -->
                <VerticalLayout  >
                    <HorizontalLayout height="53"  />
                        <VerticalLayout name="desclay"  vscrollbar="true" scrollstepsize="100" >
                            <HorizontalLayout height="1450" >
                                <HorizontalLayout  />
                                    <VerticalLayout width="824" >
                                        <HorizontalLayout height="514"   >
                                            <VerticalLayout width="824" >
                                              <Label height="514" width="824" bkimage="MyDevice/01.png" />

                                             

                                                <HorizontalLayout height="18" />
                                                <HorizontalLayout height="18" >
                                                    <HorizontalLayout />
                                                     
                                                    <HorizontalLayout />
                                                </HorizontalLayout>
                                            </VerticalLayout>
                                            <HorizontalLayout width="30" />
                                            <VerticalLayout  >
                                               
                                            </VerticalLayout >
                                        </HorizontalLayout>
                                        <HorizontalLayout height="77" />
                                        <HorizontalLayout height="261" >

                                        </HorizontalLayout>
                                        <HorizontalLayout height="86" />
                                        <HorizontalLayout height="19" >
                                            <HorizontalLayout />
                                            
                                            <HorizontalLayout />
                                        </HorizontalLayout>
                                        <HorizontalLayout height="60" />
                                        <HorizontalLayout height="130" >
                                            <HorizontalLayout />
                                            
                                            <HorizontalLayout width="123" />
                                            
                                            <HorizontalLayout />
                                        </HorizontalLayout>
                                        <HorizontalLayout height="86" />
                                        <HorizontalLayout height="19" >
                                            <HorizontalLayout />
                                           
                                            <HorizontalLayout />
                                        </HorizontalLayout>
                                        <HorizontalLayout height="40" />
                                        <HorizontalLayout height="16" >
                                            <HorizontalLayout width="260" />
                                            
                                            <HorizontalLayout />
                                        </HorizontalLayout>
                                        <HorizontalLayout height="30" />
                                        <HorizontalLayout height="30" >
                                            <HorizontalLayout />
                                            
                                            <HorizontalLayout />
                                        </HorizontalLayout>
                                        <HorizontalLayout height="40" />
                                        <HorizontalLayout height="16" >
                                            <HorizontalLayout width="260" />
                                           
                                            <HorizontalLayout />
                                        </HorizontalLayout>
                                        <HorizontalLayout height="30" />
                                        <HorizontalLayout height="396" >
                                            <HorizontalLayout  />
                                            
                                            <HorizontalLayout />
                                        </HorizontalLayout>
                                    </VerticalLayout >
                                <HorizontalLayout  />
                            </HorizontalLayout>
                        </VerticalLayout>
                    <HorizontalLayout height="63"  />
                </VerticalLayout>

                <!-- 未登录ios -->
                <VerticalLayout  >
                    <VerticalLayout  >
                        <Control height="26"/>
                        <HorizontalLayout height="26">
                            <Container width="210">
                                <Button name="nolgn_upload_iphone" float="true" pos="20,1,69,18" normalimage="file='MyDevice\upload-1.png'" hotimage="file='MyDevice\upload-2.png'" pushedimage="file='MyDevice\upload-3.png'"/>
                            </Container>
                            <Control sapce ="space"/> 
                            <Control width="62" />
                        </HorizontalLayout>
                        <Control height="18"/>
                        <HorizontalLayout height="36" >
                            <Control width="20"/>
                            <Label  width="60" text="全部文档" textcolor="#FF666666"/>
                            <Control2 comment="space"/>
                        </HorizontalLayout>

                        <HorizontalLayout >
                            <Container1 width="44">
                                <Button  float="true" pos="20,0,34,14" normalimage="file='MyDevice\check.png'" hotimage="file='MyDevice\check.png'" pushedimage="file='MyDevice\check.png'" />
                            </Container1>
                            <List  childpadding="8" itembkcolor="#00000000" itemhotbkcolor="#fff9f4e9" itemselectedbkcolor="#fff9f4e9" itemaltbk="false" >
                                <ListHeader height="44" >
                                    <ListHeaderItem>
                                        <Option   float="true" enabled="false" pos="14,15,28,29" normalimage="file='Filelist\check.png'" selectedimage="file='Filelist\check_sel.png'"/>
                                        <Label text="文件名" float="true" pos="41,15,92,29" textcolor="#FF666666"/>
                                    </ListHeaderItem>
                                    <ListHeaderItem text="大小" align="left" textcolor="#FF9B9B9B" width="101" hotimage="file='list_header_hot.png'" pushedimage="file='list_header_pushed.png'" sepimage="file='list_header_sep.png'" />
                                    <ListHeaderItem text="修改时间" align="left" textcolor="#FF9B9B9B" width="201" hotimage="file='list_header_hot.png'" pushedimage="file='list_header_pushed.png'" sepimage="file='list_header_sep.png'" />
                                </ListHeader>
                            </List>
                        </HorizontalLayout>
                        <Control height="55"/>
                    </VerticalLayout>
                </VerticalLayout>

                <!-- 未登录Android -->
                <VerticalLayout  >
                    <VerticalLayout  >
                        <Control height="26"/>
                        <HorizontalLayout height="26">
                            <Container width="210">
                                <Button name="nolgn_upload_android" float="true" pos="20,1,69,18" normalimage="file='MyDevice\upload-1.png'" hotimage="file='MyDevice\upload-2.png'" pushedimage="file='MyDevice\upload-3.png'"/>
                            </Container>
                            <Control sapce ="space"/> 
                            <Control width="62" />
                        </HorizontalLayout>
                        <Control height="18"/>
                        <HorizontalLayout height="36" >
                            <Control width="20"/>
                            <Label  width="60" text="全部文档" textcolor="#FF666666"/>
                            <Control2 comment="space"/>
                        </HorizontalLayout>

                        <HorizontalLayout >
                            <Container1 width="44">
                                <Button  float="true" pos="20,0,34,14" normalimage="file='MyDevice\check.png'" hotimage="file='MyDevice\check.png'" pushedimage="file='MyDevice\check.png'" />
                            </Container1>
                            <List  childpadding="8" itembkcolor="#00000000" itemhotbkcolor="#fff9f4e9" itemselectedbkcolor="#fff9f4e9" itemaltbk="false" >
                                <ListHeader height="44" >
                                    <ListHeaderItem>
                                        <Option   float="true" enabled="false" pos="14,15,28,29" normalimage="file='Filelist\check.png'" selectedimage="file='Filelist\check_sel.png'"/>
                                        <Label text="文件名" float="true" pos="41,15,92,29" textcolor="#FF666666"/>
                                    </ListHeaderItem>
                                    <ListHeaderItem text="大小" align="left" textcolor="#FF9B9B9B" width="101" hotimage="file='list_header_hot.png'" pushedimage="file='list_header_pushed.png'" sepimage="file='list_header_sep.png'" />
                                    <ListHeaderItem text="修改时间" align="left" textcolor="#FF9B9B9B" width="201" hotimage="file='list_header_hot.png'" pushedimage="file='list_header_pushed.png'" sepimage="file='list_header_sep.png'" />
                                </ListHeader>
                            </List>
                        </HorizontalLayout>
                        <Control height="55"/>
                    </VerticalLayout>
                </VerticalLayout>

            </TabLayout>
        </VerticalLayout>
        <Control width="34"/>
    </HorizontalLayout>
</Root>
