<?xml version="1.0" encoding="UTF-8"?>
<Window size="500,400" caption="0,0,0,36" roundcorner="1,1" >
	<VerticalLayout inset="4,0,4,4" bkcolor="#FFFFFFFF">
		<HorizontalLayout height="10" />
		<HorizontalLayout height="28">
			<Control />
			<Button  name="close" width="22" height="14" normalimage="file='vclose.png' source='0,0,17,14' dest='0,0,17,14'" hotimage="file='vclose.png' source='17,0,34,14' dest='0,0,17,14'" pushedimage="file='vclose.png' source='34,0,51,14' dest='0,0,17,14'" />
		</HorizontalLayout >
		<HorizontalLayout height="15" >
			<Control />
			<Control height="15" width="281" bkimage="qrcode\phonecaption.png" />
			<Control />
		</HorizontalLayout>
		<HorizontalLayout height="48" />
		<HorizontalLayout   >
			<Control />
			<Container width="400" height="241" >
				<VerticalLayout bordersize="1" bordercolor="#FFDCDCDC" >
					<HorizontalLayout height="38" >
						<Option width="199" name="IPhone"  selected="true" normalimage="file='qrcode/iPhone.png' source='0,0,199,38'" selectedimage="file='qrcode/iPhone.png' source='200,0,399,38'" group="qrtab" />
						<Label width="1" bkcolor="#FFDCDCDC" />
						<Option width="199" name="Android"  normalimage="file='qrcode/android.png' source='0,0,199,38'" selectedimage="file='qrcode/android.png' source='200,0,399,38'" group="qrtab" />
					</HorizontalLayout>
					<HorizontalLayout height="22" />
					<HorizontalLayout height="130" >
						<HorizontalLayout width="135" />
						<Label name="qrbdr" bkimage="qrcode/qrborder.png" />
						<HorizontalLayout width="135" />
					</HorizontalLayout>
					<HorizontalLayout height="17" />
					<HorizontalLayout >
						<HorizontalLayout />
							<Label name="qrstip" width="258" height="15" bkimage="qrcode/qriphonetip.png" />
						<HorizontalLayout />
					</HorizontalLayout >
				</VerticalLayout>
			</Container>
			<Control />
		</HorizontalLayout>

    </VerticalLayout>
</Window>