<?xml version="1.0" encoding="utf-8"?>
<Window size="350,200" caption="0,0,0,31" mininfo="350,200" roundcorner="0,0" showdirty="false" >
  <Font id="1" name="微软雅黑" size="15" />
  <Font id="1041" name="微软雅黑" size="15" />
  <Font id="141" name="微软雅黑" size="14" />
  <Font id="111" name="微软雅黑" size="11" />
  <Container name="MainContainer" bordersize="1" bkcolor="#FFFFFFFF" bordercolor="#FFD3D2D1" >
      <VerticalLayout name="main"  >

        <HorizontalLayout name="caption" bkcolor="#FFC9AF6E" padding="1,1,1,0" height="35"   >
          <HorizontalLayout width="8"/>
          <HorizontalLayout padding="0,0,0,3">
            <VerticalLayout >
            <HorizontalLayout height="2"/>
            <Label name="title" text="提示" height="28" align="left" valign="center"  endellipsis="true"/>
            <HorizontalLayout />
            </VerticalLayout >
          </HorizontalLayout>

          <HorizontalLayout width="3"/>
          <VerticalLayout width="25" height="30">
          <HorizontalLayout width="4" />
          <HorizontalLayout width="25" height="26">
              <Button name="close" width="25" normalimage="file='dl_close.png' source='0,0,25,26'" hotimage="file='dl_close.png' source='25,0,50,26'" pushedimage="file='dl_close.png' source='50,0,75,26'"/>
          </HorizontalLayout>
          </VerticalLayout>
          <HorizontalLayout width="2"/>

        </HorizontalLayout>

        <HorizontalLayout height="40"  />

        <HorizontalLayout height="45" >
          <HorizontalLayout width="40" />
          <VerticalLayout >
            <Label name="tip1" height="22" width="270" text="" align="center" endellipsis="true" />
            <Label name="tip2" height="23" width="270" text="" align="center" endellipsis="true" />
          </VerticalLayout >
          <HorizontalLayout width="40" />
        </HorizontalLayout>

        <HorizontalLayout height="30" /> 

        <HorizontalLayout height="28" name="btn_t1" visible="false" >
          <HorizontalLayout />
          <Button name="btnok" width="85" normalimage="file='comm_btnok.png' source='0,0,85,28'" hotimage="file='comm_btnok.png' source='85,0,170,28'" pushedimage="file='comm_btnok.png' source='170,0,255,32'" />
          <HorizontalLayout />
        </HorizontalLayout>

        <HorizontalLayout height="28" name="btn_t2"  >
          <HorizontalLayout />
          <Button name="btnok2" width="85" normalimage="file='comm_btnok.png' source='0,0,85,28'" hotimage="file='comm_btnok.png' source='85,0,170,28'" pushedimage="file='comm_btnok.png' source='170,0,255,32'" />
          <HorizontalLayout width="30" />
          <Button name="btncancel" width="85" normalimage="file='comm_btncancel.png' source='0,0,85,28'" hotimage="file='comm_btncancel.png' source='85,0,170,28'" pushedimage="file='comm_btncancel.png' source='170,0,255,28'" />
          <HorizontalLayout />
        </HorizontalLayout>
        <HorizontalLayout height="25" />
      </VerticalLayout>
  </Container>
</Window>