<?xml version="1.0" encoding="utf-8" standalone="yes" ?>
<Window size="500,400"  caption="0,0,0,25"  >
<Font name="微软雅黑" size="14" default="true" />
<Font name="微软雅黑" size="16" bold="true" />
<Font name="微软雅黑" size="22"/>
<Font name="微软雅黑" size="10"/>
<Font name="微软雅黑" size="11"/>
<VerticalLayout bkcolor="#FFFFFFFF" showshadow="true" >
    <HorizontalLayout height="24" >
        <HorizontalLayout />
        <VerticalLayout width="17" >
            <HorizontalLayout width="17" />
            <Button  name="close" width="17" height="14" normalimage="file='vclose.png' source='0,0,17,14'" hotimage="file='vclose.png' source='17,0,34,14'" pushedimage="file='vclose.png' source='34,0,51,14'" />
            <HorizontalLayout />
        </VerticalLayout>
        <HorizontalLayout width="5" />
    </HorizontalLayout>
    <HorizontalLayout height="14" />
    <HorizontalLayout height="30" >
        <HorizontalLayout />
        <VerticalLayout width="252" >
            <Label width="252" height="14"  bkimage="snslgn.png" />
            <HorizontalLayout />
        </VerticalLayout>
        <HorizontalLayout />
    </HorizontalLayout>
    <HorizontalLayout height="16" />
    <HorizontalLayout height="30" >
        <HorizontalLayout />
            <Button width="260" name="wxlgn" normalimage="file='wechat.png' source='0,0,260,30'" hotimage="file='wechat.png' source='260,0,520,30'" pushedimage="file='wechat.png' source='520,0,780,30'" />
        <HorizontalLayout />
    </HorizontalLayout>
    <HorizontalLayout height="16" />
    <HorizontalLayout height="30" >
        <HorizontalLayout />
        <Button width="260" name="qqlgn" normalimage="file='qq.png' source='0,0,260,30'" hotimage="file='qq.png' source='260,0,520,30'" pushedimage="file='qq.png' source='520,0,780,30'" />
        <HorizontalLayout />
    </HorizontalLayout>
    <HorizontalLayout height="46" />
    <HorizontalLayout height="14" >
        <HorizontalLayout />
        <VerticalLayout width="252" >
            <Label width="252" height="14"  bkimage="maillgn.png" />
        </VerticalLayout>
        <HorizontalLayout />
    </HorizontalLayout>
    <HorizontalLayout height="16" />
    <HorizontalLayout height="64" >
        <HorizontalLayout />
        <VerticalLayout width="260" bkimage="editlay.png" >
            <HorizontalLayout >
                <HorizontalLayout width="15" />
                <VerticalLayout >
                    <HorizontalLayout />
                    <Edit name="mail" height="26" tipvalue="邮箱或手机号"  />
                    <HorizontalLayout />
                </VerticalLayout>
                <HorizontalLayout width="6" />
            </HorizontalLayout >
            <HorizontalLayout height="1" />
            <HorizontalLayout height="1" >
                <HorizontalLayout width="20" />
                <Label name="line1" />
                <HorizontalLayout width="20" />
            </HorizontalLayout>
            <HorizontalLayout >
                <HorizontalLayout width="15" />
                <VerticalLayout >
                    <HorizontalLayout />
                    <Edit name="pw" height="26" password="true" passwordchar="●" tipvalue="密码"  />
                    <HorizontalLayout />
                </VerticalLayout>
                <HorizontalLayout width="6" />
            </HorizontalLayout >
            <HorizontalLayout height="1" />
            <HorizontalLayout height="1" >
                <HorizontalLayout width="20" />
                <Label name="line2"    />
                <HorizontalLayout width="20" />
            </HorizontalLayout>
        </VerticalLayout>
        <HorizontalLayout />
    </HorizontalLayout>
    <HorizontalLayout height="24" />
    <HorizontalLayout height="30" >
        <HorizontalLayout />
        <Button width="260" name="maillgn" normalimage="file='lgn.png' source='0,0,260,30'" hotimage="file='lgn.png' source='260,0,520,30'" pushedimage="file='lgn.png' source='520,0,780,30'" />
        <HorizontalLayout />
    </HorizontalLayout>
    <HorizontalLayout height="18" />
    <HorizontalLayout height="14" >
        <HorizontalLayout width="278" />
        <Button width="50" name="forgotpw" normalimage="file='forgotpw.png' source='0,0,50,14'" hotimage="file='forgotpw.png' source='50,0,100,14'" pushedimage="file='forgotpw.png' source='50,0,100,14'" />
        <Label width="10" />
        <Label width="2" bkimage="file='line.png' source='0,0,2,12'" />
        <Label width="10" />
        <Button width="50" name="register" normalimage="file='register.png' source='0,0,50,14'" hotimage="file='register.png' source='50,0,100,14'" pushedimage="file='register.png' source='50,0,100,12'" />
        <HorizontalLayout width="118" />
    </HorizontalLayout>
    <HorizontalLayout  />
</VerticalLayout>
</Window>