<?xml version="1.0" encoding="utf-8"?>
<Window size="725,456" caption="3,0,0,38" mininfo="725,456" roundcorner="0,0" showdirty="false" >
  <Font id="121" name="微软雅黑" size="20" />
  <Container name="MainContainer" bordersize="1" bordercolor="#FFE5E5E5" >
    <VerticalLayout padding="1,1,1,0" bkcolor="#FFE5E5E5" >
      <VerticalLayout name="main" padding="1,1,1,0" bkcolor="#FFE5E5E5" >

        <!--<HorizontalLayout height="2"/>-->
        <HorizontalLayout height="4"  />
        <HorizontalLayout name="caption" height="30" bkcolor="#FFE5E5E5" >

          <HorizontalLayout width="7"/>
          <HorizontalLayout width="18" height="18" bkimage="small_logo.png" padding="0,4,0,0"/>
          <!--padding="4,4,0,0"-->
          <HorizontalLayout width="8"/>

          <HorizontalLayout padding="0,0,0,3">
            <!--padding="8,0,5,3"-->
            
            <VerticalLayout >
            <HorizontalLayout height="5"/>
            <Label name="title" text="微信登录" textcolor="#FF7A6451" align="left" valign="center"/>
            <HorizontalLayout />
            </VerticalLayout >
          </HorizontalLayout>

          <HorizontalLayout width="5"/>

          <HorizontalLayout width="25" height="26">
              <Button name="close" width="25" normalimage="file='dl_close.png' source='0,0,25,26'" hotimage="file='dl_close.png' source='25,0,50,26'" pushedimage="file='dl_close.png' source='50,0,75,26'"/>
          </HorizontalLayout>

        </HorizontalLayout>

        <!--<HorizontalLayout height="1" bkcolor="#FFF8AC91"/>-->


        <VerticalLayout name="welcome" bkcolor="#FFFFFFFF" visible="true">
         <WebBrowser name="main_web" homepage="about:blank" />
        </VerticalLayout>

         <VerticalLayout name="netfailed" bkcolor="#FFFEFDFB" visible="false">
          <HorizontalLayout height="120" />
          <HorizontalLayout height="65" >
            <HorizontalLayout />
            <Label width="68" height="65" bkimage="netfailed.png" />
            <HorizontalLayout />
          </HorizontalLayout>
          
          <HorizontalLayout height="20" >
            <Label name="tip1" text="未检测到您的网络连接，请" width="416" align="right" valign="center" />
            <VerticalLayout >
              <Label height="1" width="30" />
              <Button width="30" height="19" name="refresh" text="刷新" textcolor="#FFFD8040" align="left" valign="center" />
            </VerticalLayout>
            <HorizontalLayout />
          </HorizontalLayout>

          <HorizontalLayout height="8" />
          <HorizontalLayout height="20" />
          <HorizontalLayout height="22" >
            <Label name="tip2" text="请检查您的电脑是否已连接上网络"  align="center" valign="center" />
          </HorizontalLayout>

          <HorizontalLayout height="130" />
        </VerticalLayout>
        
      </VerticalLayout>
    </VerticalLayout>
  </Container>
</Window>