<?xml version="1.0" encoding="utf-8" standalone="yes" ?>
<Window size="1088,612" mininfo="1088,612"  caption="0,0,0,39" sizebox="2,2,2,2" >
<Font name="微软雅黑" size="14" default="true" />
<Font name="微软雅黑" size="16" bold="true" />
<Font name="微软雅黑" size="22"/>
<Font name="微软雅黑" size="10"/>
<Font name="微软雅黑" size="12"/>
<Font name="微软雅黑" size="11"/>
<Font name="微软雅黑" size="11" bold="true"  index="6"/>
<Font name="微软雅黑" size="9"/>
<Font name="微软雅黑" size="14" bold="true"  index="8"/>
<Font name="微软雅黑" size="13" bold="true"  index="9"/>
<Default name="VScrollBar"  value="button1normalimage=&quot;file='scrollbar.bmp' source='0,90,16,106' mask='#FFFF00FF'&quot; button1hotimage=&quot;file='scrollbar.bmp' source='18,90,34,106' mask='#FFFF00FF'&quot; button1pushedimage=&quot;file='scrollbar.bmp' source='36,90,52,106' mask='#FFFF00FF'&quot; button1disabledimage=&quot;file='scrollbar.bmp' source='54,90,70,106' mask='#FFFF00FF'&quot; button2normalimage=&quot;file='scrollbar.bmp' source='0,108,16,124' mask='#FFFF00FF'&quot; button2hotimage=&quot;file='scrollbar.bmp' source='18,108,34,124' mask='#FFFF00FF'&quot; button2pushedimage=&quot;file='scrollbar.bmp' source='36,108,52,124' mask='#FFFF00FF'&quot; button2disabledimage=&quot;file='scrollbar.bmp' source='54,108,70,124' mask='#FFFF00FF'&quot; thumbnormalimage=&quot;file='scrollbar.bmp' source='0,126,16,142' corner='4,4,4,4' mask='#FFFF00FF'&quot; thumbhotimage=&quot;file='scrollbar.bmp' source='18,126,34,142' corner='4,4,4,4' mask='#FFFF00FF'&quot; thumbpushedimage=&quot;file='scrollbar.bmp' source='36,126,52,142' corner='4,4,4,4' mask='#FFFF00FF'&quot; thumbdisabledimage=&quot;file='scrollbar.bmp' source='54,126,70,142' corner='2,2,2,2' mask='#FFFF00FF'&quot; railnormalimage=&quot;file='scrollbar.bmp' source='0,144,16,160' corner='2,2,2,2' mask='#FFFF00FF'&quot; railhotimage=&quot;file='scrollbar.bmp' source='18,144,34,160' corner='2,2,2,2' mask='#FFFF00FF'&quot; railpushedimage=&quot;file='scrollbar.bmp' source='36,144,52,160' corner='2,2,2,2' mask='#FFFF00FF'&quot; raildisabledimage=&quot;file='scrollbar.bmp' source='54,144,70,160' corner='2,2,2,2' mask='#FFFF00FF'&quot; bknormalimage=&quot;file='scrollbar.bmp' source='0,162,16,178' corner='4,4,4,4' mask='#FFFF00FF'&quot; bkhotimage=&quot;file='scrollbar.bmp' source='18,162,34,178' corner='4,4,4,4' mask='#FFFF00FF'&quot; bkpushedimage=&quot;file='scrollbar.bmp' source='36,162,52,178' corner='4,4,4,4' mask='#FFFF00FF'&quot; bkdisabledimage=&quot;file='scrollbar.bmp' source='54,162,70,178' corner='2,2,2,2' mask='#FFFF00FF'&quot; width=&quot;12&quot; "  />
<HorizontalLayout name="vlayout_background" bkcolor="0xFFFFFFFF"   >
    <VerticalLayout name="lbk" width="144" bkimage="file='lbk.png'" >
        <HorizontalLayout name="lgnbk" height="125"  >
            <VerticalLayout name="lgnbk1" />
            <VerticalLayout name="lgnbk2" >
                <HorizontalLayout name="lgnbk3" />
                <Button name="btnlgn" height="67" width="45" normalimage="file='face.png' source='0,0,45,67'" hotimage="file='face.png' source='45,0,90,67'" pushedimage="file='face.png' source='90,0,135,67'" />
                <HorizontalLayout name="lgnbk4" />
            </VerticalLayout >
            <VerticalLayout name="lgnbk5" />
        </HorizontalLayout>
        <Label height="2" name="bknon1" bkcolor="#FFDCDCDC" />
        <VerticalLayout name="bknon2" >
            <HorizontalLayout name="bknon3" height="43" />
            <HorizontalLayout name="bknon4" height="32" >
                <HorizontalLayout name="bknon5" />
                <Option width="129" name="home" height="32" selected="true" normalimage="file='tab1.png' source='129,0,258,32'" selectedimage="file='tab1.png' source='0,0,129,32'" group="tab" />
                <HorizontalLayout name="bknon6" />
            </HorizontalLayout>
            <HorizontalLayout name="bknon7" height="25" />
            <HorizontalLayout name="bknon8" height="32" >
                <HorizontalLayout name="bknon9" />
                <Option width="129" name="template" height="32" normalimage="file='tab2.png' source='130,0,258,32'" selectedimage="file='tab2.png' source='0,0,129,32'" group="tab" />
                <HorizontalLayout name="bknon10" />
            </HorizontalLayout>
            <HorizontalLayout name="bknon11" height="25" />
            <HorizontalLayout name="bknon12" height="32" >
                <HorizontalLayout name="bknon13" />
                <Option width="129" name="docmgr"  height="32" normalimage="file='tab3.png' source='130,0,258,32'" selectedimage="file='tab3.png' source='0,0,129,32'" group="tab" />
                <HorizontalLayout name="bknon14" />
            </HorizontalLayout>
            <HorizontalLayout name="bknon15" height="25" />
            <HorizontalLayout name="bknon16" height="32" >
                <HorizontalLayout name="bknon17" />
                <Option width="129" name="cloud" height="32" normalimage="file='tab4.png' source='130,0,258,32'" selectedimage="file='tab4.png' source='0,0,129,32'" group="tab" />
                <HorizontalLayout name="bknon18" />
            </HorizontalLayout>
            <HorizontalLayout name="bknon19" height="25" />
            <HorizontalLayout name="bknon20" height="32" >
                <HorizontalLayout name="bknon21" />
                <Option width="129" name="share"  height="32" normalimage="file='tab5.png' source='130,0,258,32'" selectedimage="file='tab5.png' source='0,0,129,32'" group="tab" />
                <HorizontalLayout name="bknon22" />
            </HorizontalLayout>
            <HorizontalLayout name="bknon23" height="25" />
            <HorizontalLayout name="bknon24" height="33" >
                <HorizontalLayout name="bknon25" />
                <Option width="129" name="assist"  height="33" normalimage="file='tab6.png' source='130,0,258,33'" selectedimage="file='tab6.png' source='0,0,129,33'" group="tab"  />
                <HorizontalLayout name="bknon26" />
            </HorizontalLayout>
            <HorizontalLayout name="bknon27" />
        </VerticalLayout>
    </VerticalLayout>

    <VerticalLayout visible="true" name="homepagelayout" bkimage="rbk.png" >
        <HorizontalLayout name="bknon29" height="19" >
            <HorizontalLayout name="bknon30" />
            <Button name="minbtn" width="22" normalimage="file='min.png' source='0,0,22,19'" hotimage="file='min.png' source='22,0,44,19'" pushedimage="file='min.png' source='44,0,66,19'"  />
            <Label width="10" />
            <Button name="maxbtn" width="22" visible="false" normalimage="file='max.png' source='0,0,22,19'" hotimage="file='max.png' source='22,0,44,19'" pushedimage="file='max.png' source='44,0,66,19'" />
            <Button name="restorebtn" width="22" normalimage="file='restore.png' source='0,0,22,19'" hotimage="file='restore.png' source='22,0,44,19'" pushedimage="file='restore.png' source='44,0,66,19'" />
            <Label width="10" />
            <Button name="closebtn" width="22" normalimage="file='close.png' source='0,0,22,19'" hotimage="file='close.png' source='22,0,44,19'" pushedimage="file='close.png' source='44,0,66,19'" />
        </HorizontalLayout>
        <HorizontalLayout name="bknon24" height="20" />
        <HorizontalLayout name="bknon25" height="39"  >
            <HorizontalLayout name="bknon26" width="32" />
            <VerticalLayout name="bknon27" width="497" >
                <HorizontalLayout name="bknon28" height="26">
                    <Label width="13" name="searchbkl" bkimage="searchbk1.png" />
                    <Edit  name="search" tipvalue="在此输入搜索" tipvaluecolor="0xFFACACAC"  bkimage="searchbk2.png" nativebkcolor="#FFEEEEEE"  />
                    <Button width="26" name="schbtnrcn" bkcolor="#FFFFFFFF" bkimage="searchbtn2.png" />
                    <Label width="13" name="searchbkr"  bkimage="searchbk3.png" />
                </HorizontalLayout>
                <HorizontalLayout name="bknon29" />
            </VerticalLayout >
            <HorizontalLayout name="bknon30" />
            <VerticalLayout width="37" >
                <HorizontalLayout />
                <Button name="opendir" width="37" height="37"  normalimage="file='opendir.png' source='0,0,37,37'" hotimage="file='opendir.png' source='37,0,74,37'" pushedimage="file='opendir.png' source='74,0,111,37'" />
                <HorizontalLayout />
            </VerticalLayout>
            <HorizontalLayout name="bknon31" width="18" />
            <VerticalLayout width="37" >
                <HorizontalLayout />
                <Button name="openfile" width="37" height="37" normalimage="file='openfile.png' source='0,0,37,37'" hotimage="file='openfile.png' source='37,0,74,37'" pushedimage="file='openfile.png' source='74,0,111,37'" />
                <HorizontalLayout />
            </VerticalLayout>
            <HorizontalLayout name="bknon32" width="38" />
        </HorizontalLayout>
        <HorizontalLayout name="bknon33" height="12" />
        <HorizontalLayout name="bknon33" height="26" >
            <HorizontalLayout name="bknon34" width="32"  />
            <HorizontalLayout name="bknon35" bkcolor="#FFEEEEEE" >
                <VerticalLayout name="bknon36" width="48" >
                    <HorizontalLayout name="bknon37" />
                        <Label name="bknon38" height="20" text="" bkimage="file.png" align="center" valign="center" font="1" width="48" />
                    <HorizontalLayout name="bknon39" />
                </VerticalLayout>
                <HorizontalLayout name="bknon40" />
                <VerticalLayout name="bknon41" width="13"   >
                    <HorizontalLayout name="bknon42" />
                    <Button name="viewtyp" visible="false" width="13" height="13" bkimage="prevview.png"  />
                    <HorizontalLayout name="bknon43" />
                </VerticalLayout>
                <HorizontalLayout name="bknon44" width="16" />
                <VerticalLayout name="bknon45" width="46" >
                    <HorizontalLayout name="bknon46" />
                    <Button name="listtyp" visible="false" height="13" bkimage="listtyp.png" />
                    <HorizontalLayout name="bknon47" />
                </VerticalLayout>
                <HorizontalLayout name="bknon48" width="12" />
            </HorizontalLayout>
            <HorizontalLayout name="bknon49" width="32" />
        </HorizontalLayout>

        <TabLayout name="listview" visible="true" >
        <HorizontalLayout name="bknon50"  >
            <HorizontalLayout name="bknon51" width="32" />
                <VerticalLayout name="bknon52" bkcolor="#FFFFFFFF" >
                    <HorizontalLayout name="bknon53" height="45" />
                    <HorizontalLayout >
                    <List name="recentfile"  vscrollbar="true" itemhotbkcolor="#FFFFFFFF" itemselectedbkcolor="#FFFFFFFF" >
                        <ListHeader name="bknon54" height="1" menu="false" >
                            <ListHeaderItem name="lvh1" />
                            <ListHeaderItem name="lvh2" />
                        </ListHeader>

                    </List>
                    <HorizontalLayout width="5" />
                    </HorizontalLayout>
                    <HorizontalLayout name="bknon76" height="57" />
                </VerticalLayout>
            <HorizontalLayout name="bknon77" width="32" />
        </HorizontalLayout>
        </TabLayout>

        <TabLayout name="nullfile" visible="false" >
            <HorizontalLayout name="bknon78" >
                <HorizontalLayout name="bknon79" width="32" />
                <HorizontalLayout name="bknon80" bkcolor="#FFFFFFFF" >
                <HorizontalLayout name="bknon81" />
                <VerticalLayout name="bknon82" width="58" >
                    <HorizontalLayout name="bknon83" />
                    <Button  height="83" name="openfile2" normalimage="file='openfile2.png' source='0,0,58,83'" hotimage="file='openfile2.png' source='58,0,116,83'" pushedimage="file='openfile2.png' source='116,0,174,83'"  />
                    <HorizontalLayout name="bknon85" />
                </VerticalLayout>
                <HorizontalLayout name="bknon86" />
                </HorizontalLayout>
                <HorizontalLayout name="bknon87" width="32" />
            </HorizontalLayout>
        </TabLayout>

        <HorizontalLayout name="bknon88" height="30" />
    </VerticalLayout>


    <VerticalLayout visible="false" name="userhome" bkimage="rbk.png" >
        <HorizontalLayout name="vbknon2" height="19" >
            <HorizontalLayout name="vbknon3" />
            <Button name="minbtn" width="22" normalimage="file='min.png' source='0,0,22,19'" hotimage="file='min.png' source='22,0,44,19'" pushedimage="file='min.png' source='44,0,66,19'"  />
            <Label width="10" />
            <Button name="maxbtn1" width="22" visible="false" normalimage="file='max.png' source='0,0,22,19'" hotimage="file='max.png' source='22,0,44,19'" pushedimage="file='max.png' source='44,0,66,19'" />
            <Button name="restorebtn1" width="22" normalimage="file='restore.png' source='0,0,22,19'" hotimage="file='restore.png' source='22,0,44,19'" pushedimage="file='restore.png' source='44,0,66,19'" />
            <Label width="10" />
            <Button name="closebtn" width="22" normalimage="file='close.png' source='0,0,22,19'" hotimage="file='close.png' source='22,0,44,19'" pushedimage="file='close.png' source='44,0,66,19'" />
        </HorizontalLayout>
        <HorizontalLayout name="vbknon4" height="13" />
        <HorizontalLayout >
            <HorizontalLayout width="60" name="vbknon5" />
            <HorizontalLayout name="vbknon6" >
                <WebBrowser name="user_web"  />
            </HorizontalLayout>
            <HorizontalLayout width="60" name="bknon5" />
        </HorizontalLayout>
        <HorizontalLayout name="bknon88" height="30" />
    </VerticalLayout>


    <VerticalLayout  float="true" name="schres" bkcolor="#FFFFFFFF" borderround="4,4,4,4" bordersize="2" bordercolor="#FFDFDFDF" pos="190,68,453,182" visible="false" height="263" width="469" >
        <HorizontalLayout  height="10" name="schresnon1" />
        <HorizontalLayout name="schresnon2" >
            <HorizontalLayout width="16" name="schresnon3" />
            <VerticalLayout name="schresnon4" >
                <Label text="搜索结果:"  height="14"  font="4" name="schresnon5"  />
                <List name="searchres" vscrollbar="true" childpadding="5" >
                    <ListHeader height="5" menu="false" >
                    </ListHeader>
                </List>
            </VerticalLayout>
            <HorizontalLayout width="10" name="schresnon6" />
        </HorizontalLayout>
        <HorizontalLayout height="10" name="schresnon7" />
    </VerticalLayout>

    <VerticalLayout  float="true" name="schresnull" bkcolor="#FFFFFFFF" borderround="4,4,4,4" bordersize="1" bordercolor="#FFDFDFDF" pos="190,68,453,91" visible="false" height="23" width="469" >
        <HorizontalLayout height="23" >
            <HorizontalLayout width="10"  />
            <Label text="没有与搜索条件匹配的文件"  valign="center" align="left"  font="4" name="schresnulltip"  />
            <HorizontalLayout width="10"  />
        </HorizontalLayout>
    </VerticalLayout>

    <VerticalLayout float="true" name="newpjview"  pos="742,39,1057,206" visible="false" height="167" width="315" bkimage="newfile.png" >
        <HorizontalLayout height="26" >
            <HorizontalLayout width="10" />
            <Label text="新建" />
        </HorizontalLayout>
        <Label height="1"  />
        <Label height="1" />
        <HorizontalLayout >
            <HorizontalLayout width="46" />
            <HorizontalLayout width="38" >
                <VerticalLayout >
                    <HorizontalLayout height="36" />
                    <Button height="63" name="newword" normalimage="file='wordpj.png' source='0,0,38,63'" hotimage="file='wordpj.png' source='38,0,76,63'" pushedimage="file='wordpj.png' source='76,0,114,63'" />
                    <HorizontalLayout />
                </VerticalLayout>
            </HorizontalLayout>
            <HorizontalLayout width="52" />
            <HorizontalLayout width="38" >
                <VerticalLayout >
                    <HorizontalLayout height="36" />
                    <Button height="63"  name="newexcel" normalimage="file='excelpj.png' source='0,0,38,63'" hotimage="file='excelpj.png' source='38,0,76,63'" pushedimage="file='excelpj.png' source='76,0,114,63'" />
                    <HorizontalLayout />
                </VerticalLayout>
            </HorizontalLayout>
            <HorizontalLayout width="45" />
            <HorizontalLayout width="38" >
                <VerticalLayout >
                    <HorizontalLayout height="36" />
                    <Button height="63" name="newppt" normalimage="file='pptpj.png' source='0,0,38,63'" hotimage="file='pptpj.png' source='38,0,76,63'" pushedimage="file='pptpj.png' source='76,0,114,63'" />
                    <HorizontalLayout />
                </VerticalLayout>
            </HorizontalLayout>
            <HorizontalLayout width="53" />
        </HorizontalLayout>
    </VerticalLayout>

    <VerticalLayout name="coverlayout" visible="false" float="true" pos="0,0,1088,612" bkcolor="#99A0A0A0" >
    </VerticalLayout >

    <VerticalLayout float="true" pos="0,0,144,125" visible="false" width="144" height="125" name="lgnsucc" bkimage="file='lbk.png' source='0,0,144,125' "  >
        <HorizontalLayout name="lgnbk" height="75"  >
            <VerticalLayout name="lgnbk1" />
            <VerticalLayout name="lgnbk2" >
                <HorizontalLayout name="lgnbk3" />
                <HeadIcon name="headpic"  bkimage="" autopencolor="true"  width="46" height="46"/>
            </VerticalLayout >
            <VerticalLayout name="lgnbk5" />
        </HorizontalLayout>
        <VerticalLayout >
            <HorizontalLayout height="4" />
            <HorizontalLayout >
                <HorizontalLayout width="10" />
                <Label name="usernm" height="18" textcolor="#FFFFFFFF" endellipsis="true" valign="center" align="center"  />
                <HorizontalLayout width="10" />
            </HorizontalLayout >
            <HorizontalLayout name="lgnbk4" />
        </VerticalLayout>
    </VerticalLayout>
    

    <VerticalLayout visible="false" name="templatelayout" bkimage="rbk.png" >
        <HorizontalLayout name="tbknon2" height="19" >
            <HorizontalLayout name="vbknon3" />
            <Button name="minbtn" width="22" normalimage="file='min.png' source='0,0,22,19'" hotimage="file='min.png' source='22,0,44,19'" pushedimage="file='min.png' source='44,0,66,19'"  />
            <Label width="10" />
            <Button name="maxbtn2" width="22" visible="false" normalimage="file='max.png' source='0,0,22,19'" hotimage="file='max.png' source='22,0,44,19'" pushedimage="file='max.png' source='44,0,66,19'" />
            <Button name="restorebtn2" width="22" normalimage="file='restore.png' source='0,0,22,19'" hotimage="file='restore.png' source='22,0,44,19'" pushedimage="file='restore.png' source='44,0,66,19'" />
            <Label width="10" />
            <Button name="closebtn" width="22" normalimage="file='close.png' source='0,0,22,19'" hotimage="file='close.png' source='22,0,44,19'" pushedimage="file='close.png' source='44,0,66,19'" />
        </HorizontalLayout>
        <HorizontalLayout height="24" />
        <HorizontalLayout height="22" >
            <HorizontalLayout width="60"/>
            <HorizontalLayout width="320" height="22">
                <Option name="template_hot" height="22" selected="true" normalimage="file='template\hot.png' source='0,0,80,22'" hotimage="file='template\hot.png' source='80,0,160,22'" selectedimage="file='template\hot.png' source='160,0,240,22'" group="template_tab" />
                <Option name="template_word" height="22" normalimage="file='template\word.png' source='0,0,80,22'" hotimage="file='template\word.png' source='80,0,160,22'" selectedimage="file='template\word.png' source='160,0,240,22'" group="template_tab" />
                <Option name="template_ppt" height="22" normalimage="file='template\ppt.png' source='0,0,80,22'" hotimage="file='template\ppt.png' source='80,0,160,22'" selectedimage="file='template\ppt.png' source='160,0,240,22'" group="template_tab" />
                <Option name="template_excel" height="22" normalimage="file='template\excel.png' source='0,0,80,222'" hotimage="file='template\excel.png' source='80,0,160,22'" selectedimage="file='template\excel.png' source='160,0,240,22'" group="template_tab" />
            </HorizontalLayout>
            <HorizontalLayout />
            <HorizontalLayout name="bknon28" width="175">
                    <Edit  name="templete_search" tipvalue="搜索联机模板和本地模板" tipvaluecolor="0xFFACACAC"  bkimage="template\search.png" bkcolor="#00000000" normalbkcolor="#ff0000ff" hoverbkcolor="#ffff0000" nativebkcolor="#FFDFDFDF"  font="4" textpadding="9,2,20,2"/>
                    <Button float="true" pos="155,4,168,17" name="schbtn" bkcolor="#00000000" bkimage="template\icon_search.png" />
            </HorizontalLayout>
            <HorizontalLayout width="60"/>
        </HorizontalLayout>
        <TabLayout name="template_tablayout" >
            <HorizontalLayout >
                <HorizontalLayout width="46" />
                <List name="template_hot_list"  vscrollbar="true"  itembkcolor="#00000000" itemhotbkcolor="#FFdedede" itemselectedbkcolor="#FFdedede" >
                </List>  
                <HorizontalLayout width="44" />
            </HorizontalLayout  >
            <HorizontalLayout  >
                <HorizontalLayout width="46" />
                <List name="template_word_list"  vscrollbar="true"  itembkcolor="#00000000" itemhotbkcolor="#FFdedede" itemselectedbkcolor="#FFdedede" >
                </List>  
                <HorizontalLayout width="44" />
            </HorizontalLayout  >    
            <HorizontalLayout  >
                <HorizontalLayout width="46" />
                <List name="template_ppt_list"  vscrollbar="true"  itembkcolor="#00000000" itemhotbkcolor="#FFdedede" itemselectedbkcolor="#FFdedede" >
                </List>  
                <HorizontalLayout width="44" />
            </HorizontalLayout  >
            <HorizontalLayout  >
                <HorizontalLayout width="46" />
                <List name="template_excel_list"  vscrollbar="true" itembkcolor="#00000000" itemhotbkcolor="#FFdedede" itemselectedbkcolor="#FFdedede" >
                </List>  
                <HorizontalLayout width="44" />
            </HorizontalLayout  >   
        </TabLayout>
        

        <HorizontalLayout  height="10" />
    </VerticalLayout>

    <VerticalLayout visible="false" name="feedbacklayout" bkimage="rbk.png" >
        <HorizontalLayout name="tbknon2" height="19" >
            <HorizontalLayout name="vbknon3" />
            <Button name="minbtn" width="22" normalimage="file='min.png' source='0,0,22,19'" hotimage="file='min.png' source='22,0,44,19'" pushedimage="file='min.png' source='44,0,66,19'"  />
            <Label width="10" />
            <Button name="maxbtn3" width="22" visible="false" normalimage="file='max.png' source='0,0,22,19'" hotimage="file='max.png' source='22,0,44,19'" pushedimage="file='max.png' source='44,0,66,19'" />
            <Button name="restorebtn3" width="22" normalimage="file='restore.png' source='0,0,22,19'" hotimage="file='restore.png' source='22,0,44,19'" pushedimage="file='restore.png' source='44,0,66,19'" />
            <Label width="10" />
            <Button name="closebtn" width="22" normalimage="file='close.png' source='0,0,22,19'" hotimage="file='close.png' source='22,0,44,19'" pushedimage="file='close.png' source='44,0,66,19'" />
        </HorizontalLayout>
        <HorizontalLayout height="14" />
        <HorizontalLayout >
            <HorizontalLayout width="60" />
            <VerticalLayout bkcolor="#FFFFFFFF" >
                <HorizontalLayout height="7" />
                <HorizontalLayout height="17" >
                    <HorizontalLayout />
                    <Button name="fbclose" width="17" normalimage="file='fbclose.png' source='0,0,17,17'" hotimage="file='fbclose.png' source='17,0,34,17'" pushedimage="file='fbclose.png' source='34,0,51,17'"  />
                    <HorizontalLayout width="13" />
                </HorizontalLayout>
                <HorizontalLayout height="24" />
                <HorizontalLayout height="20"  >
                    <HorizontalLayout />
                    <HorizontalLayout height="20" width="286" bkimage="fbtitle.png" />
                    <HorizontalLayout />
                </HorizontalLayout>
                <HorizontalLayout height="22" />
                <HorizontalLayout >
                <HorizontalLayout />
                <VerticalLayout height="459" width="828" >
                <HorizontalLayout height="22" >
                    <HorizontalLayout width="24" />
                    <Label name="fbusertip" text="您好，JisuOffice用户！" textcolor="#FF666666" font="8" height="22" />
                </HorizontalLayout>
                <HorizontalLayout   >
                    <HorizontalLayout  >
                        <HorizontalLayout width="24" />
                        <VerticalLayout>
                            <HorizontalLayout height="35" />
                            <HorizontalLayout height="14" >
                                <HorizontalLayout height="14" width="90" bkimage="fb.png" />
                                <HorizontalLayout />
                            </HorizontalLayout>
                            <HorizontalLayout height="6" />
                            <VerticalLayout height="100" width="530"  bordersize="1" bordercolor="#FFB5B5B5"  >
                                <HorizontalLayout height="2"  />
                                <HorizontalLayout height="87" >
                                    <HorizontalLayout width="4" />
                                    <RichEdit name="fbedit" rich="false" vscrollbar="true" autovscroll="true"  maxchar="1500" padding="1,1,1,0" height="87" font="5" textcolor="#FFA0A0A0" tipvalue="开始填写，赢取VIP特权" />
                                    <HorizontalLayout width="2" />
                                </HorizontalLayout>
                                <HorizontalLayout height="9"  >
                                    <HorizontalLayout />
                                    <Label width="38" valign="center" name="editremaining" font="7" textcolor="#FFA0A0A0" text="0/1500"  />
                                </HorizontalLayout>
                                <HorizontalLayout height="2" padding="1,0,1,1" />
                            </VerticalLayout>
                            <HorizontalLayout height="12" />
                            <HorizontalLayout height="32" >
                                <Button  name="fbpic1" visible="false" height="32" width="32" normalimage="file='fbpic.png' source='0,0,32,32'" hotimage="file='fbpic.png' source='32,0,64,32'" pushedimage="file='fbpic.png' source='64,0,96,32'" />
                                <HorizontalLayout name="fbpicbl1" visible="false" width="17" />
                                <Button  name="fbpic2" visible="false" height="32" width="32" normalimage="file='fbpic.png' source='0,0,32,32'" hotimage="file='fbpic.png' source='32,0,64,32'" pushedimage="file='fbpic.png' source='64,0,96,32'" />
                                <HorizontalLayout name="fbpicbl2" visible="false" width="17" />
                                <Button  name="fbpic3" visible="false" height="32" width="32" normalimage="file='fbpic.png' source='0,0,32,32'" hotimage="file='fbpic.png' source='32,0,64,32'" pushedimage="file='fbpic.png' source='64,0,96,32'"/>
                                <HorizontalLayout name="fbpicbl3" visible="false" width="17" />
                                <Button  name="fbpic4" visible="false" height="32" width="32" normalimage="file='fbpic.png' source='0,0,32,32'" hotimage="file='fbpic.png' source='32,0,64,32'" pushedimage="file='fbpic.png' source='64,0,96,32'" />
                                <HorizontalLayout name="fbpicbl4" visible="false" width="17" />
                                <Button  name="fbpic5" visible="false" height="32" width="32" normalimage="file='fbpic.png' source='0,0,32,32'" hotimage="file='fbpic.png' source='32,0,64,32'" pushedimage="file='fbpic.png' source='64,0,96,32'" />
                                <HorizontalLayout name="fbpicbl5" visible="false" width="17" />
                                <Button name="fbaddpic" width="32" height="32" bkimage="fbbpic.png" />
                                <HorizontalLayout name="fbaddpicbl" width="17" />
                                <Label name="fbpictip" text="共 <c #FF0000 >0</c> 张，还能上传 <c #FF0000 >5</c> 张截图" textcolor="#FFA0A0A0" font="5" showhtml="true" align="left" valign="center" />
                            </HorizontalLayout>
                            <HorizontalLayout height="17" />
                            <HorizontalLayout height="32" >
                                <Button  name="fbdoc1" visible="false" height="32" width="32" normalimage="file='fbdoc.png' source='0,0,32,32'" hotimage="file='fbdoc.png' source='32,0,64,32'" pushedimage="file='fbdoc.png' source='64,0,96,32'" />
                                <HorizontalLayout name="fbdocbl1" visible="false" width="17" />
                                <Button  name="fbdoc2" visible="false" height="32" width="32" normalimage="file='fbdoc.png' source='0,0,32,32'" hotimage="file='fbdoc.png' source='32,0,64,32'" pushedimage="file='fbdoc.png' source='64,0,96,32'" />
                                <HorizontalLayout name="fbdocbl2" visible="false" width="17" />
                                <Button  name="fbdoc3" visible="false" height="32" width="32" normalimage="file='fbdoc.png' source='0,0,32,32'" hotimage="file='fbdoc.png' source='32,0,64,32'" pushedimage="file='fbdoc.png' source='64,0,96,32'" />
                                <HorizontalLayout name="fbdocbl3" visible="false" width="17" />
                                <Button  name="fbdoc4" visible="false" height="32" width="32" normalimage="file='fbdoc.png' source='0,0,32,32'" hotimage="file='fbdoc.png' source='32,0,64,32'" pushedimage="file='fbdoc.png' source='64,0,96,32'" />
                                <HorizontalLayout name="fbdocbl4" visible="false" width="17" />
                                <Button  name="fbdoc5" visible="false" height="32" width="32" normalimage="file='fbdoc.png' source='0,0,32,32'" hotimage="file='fbdoc.png' source='32,0,64,32'" pushedimage="file='fbdoc.png' source='64,0,96,32'" />
                                <HorizontalLayout name="fbdocbl5" visible="false" width="17" />
                                <Button name="fbadddoc" width="32" height="32" bkimage="fbbdoc.png" />
                                <HorizontalLayout name="fbadddocbl" width="17" />
                                <Label name="fbdoctip" text="共 <c #FF0000 >0</c> 个，还能上传 <c #FF0000 >5</c> 个文档" textcolor="#FFA0A0A0" font="5" showhtml="true" align="left" valign="center" />
                            </HorizontalLayout>
                            <HorizontalLayout height="42"  />
                             <HorizontalLayout height="14" >
                                <HorizontalLayout height="14" width="190" bkimage="telmail.png" />
                                <HorizontalLayout />
                            </HorizontalLayout>
                            <HorizontalLayout height="6" />
                            <HorizontalLayout height="24"  >
                                <HorizontalLayout height="24" width="224" bordersize="1" bordercolor="#FFA0A0A0"  >
                                    <HorizontalLayout width="1" />
                                    <Edit height="22" name="userContact"  padding="1,1,1,1" font="3" textcolor="#FF444444" tipvalue="我们会尽快和您取得联系" />
                                </HorizontalLayout>
                                <HorizontalLayout width="40" />
                                <Button name="myqq" tooltip="点击复制QQ号码" width="140" bkimage="file='myqq.png' dest='0,4,140,18'"  />
                                <HorizontalLayout />
                            </HorizontalLayout>
                            <HorizontalLayout height="32" />
                            <HorizontalLayout >
                                <Button name="submitfb" height="28" width="156" normalimage="file='fbsubmit.png' source='0,0,156,28'" hotimage="file='fbsubmit.png' source='156,0,312,28'" pushedimage="file='fbsubmit.png' source='312,0,468,28'"  disabledimage="file='fbsubmit.png' source='468,0,624,28'"  />
                                <HorizontalLayout />
                            </HorizontalLayout>
                            <HorizontalLayout />
                        </VerticalLayout>
                    </HorizontalLayout>
                    <HorizontalLayout width="220"  >
                    <VerticalLayout width="200" >
                        <HorizontalLayout height="11" />
                        <Label name="posttip" text="5位用户已获得VIP特权" align="left" textcolor="#FF666666" font="9" valign="center" height="20" />
                        <HorizontalLayout height="30" />
                        <RichEdit name="post1" readonly="true" height="36" width="200" text="1.恭喜bi已获得极速OFFICE-6个月VIP特权！" font="6" textcolor="#FFA0A0A0" align="left"   multiline="true" />
                        <HorizontalLayout height="30" />
                        <RichEdit name="post2" readonly="true" height="36" width="200" text="2.恭喜泰安方特已获得极速OFFICE-6个月VIP特权！" font="6" textcolor="#FFA0A0A0" align="left"   multiline="true" />
                        <HorizontalLayout height="30" />
                        <RichEdit name="post3" readonly="true" height="36" width="200" text="3.恭喜dsfs已获得极速OFFICE-6个月VIP特权！" textcolor="#FFA0A0A0" align="left" font="6"  multiline="true" />
                        <HorizontalLayout height="30" />
                        <RichEdit name="post4" readonly="true" height="36" width="200" text="4.恭喜dsfs已获得极速OFFICE-6个月VIP特权！" textcolor="#FFA0A0A0" align="left" font="6"  multiline="true" />
                        <HorizontalLayout height="30" />
                        <RichEdit name="post5" readonly="true" height="36" width="200" text="5.恭喜dsfs已获得极速OFFICE-6个月VIP特权！" textcolor="#FFA0A0A0" align="left" font="6"  multiline="true" />
                        <HorizontalLayout />
                    </VerticalLayout>
                    <HorizontalLayout width="20" />
                    </HorizontalLayout>
                    <HorizontalLayout name="rpostcover" bkcolor="#00000000"  float="true" pos="600,0,820,800" />
                </HorizontalLayout >
            </VerticalLayout>
            <HorizontalLayout  />
            </HorizontalLayout >
            </VerticalLayout>
            <HorizontalLayout width="56"  />
        </HorizontalLayout>
        <HorizontalLayout  height="30" />
    </VerticalLayout>

    <VerticalLayout name="vuserinfo" visible="false" float="true" pos="28,73,180,194" width="152" height="121" bkimage="userinfo.png"   >
        <Label name="hoverrgn" height="8" />
        <HorizontalLayout height="27" >
            <Label name="hoverrgn" width="8" />
            <Label name="uifname" text=""  valign="center" align="left" endellipsis="true" font="5"  />
            <Button name="lgnout" width="21" normalimage="file='lgnout.png' source='0,0,21,11' dest='0,8,21,19'"  hotimage="file='lgnout.png' source='21,0,42,11' dest='0,8,21,19'" pushedimage="file='lgnout.png' source='42,0,63,11' dest='0,8,21,19'" />
            <Label name="hoverrgn" width="5" />
        </HorizontalLayout>
        <Label name="hoverrgn" height="20" />
        <HorizontalLayout height="20" >
            <Label name="utxt" text="" valign="center" align="center" font="4"  />
        </HorizontalLayout>
        <Label name="hoverrgn" height="10" />
        <HorizontalLayout height="22" >
            <Label />
            <Button name="uifbtn" height="22" width="78" normalimage="file='uptovip.png' source='0,0,78,22' " hotimage="file='uptovip.png' source='78,0,156,22'" pushedimage="file='uptovip.png' source='156,0,234,22'" />
            <Label />
        </HorizontalLayout>
        <Label name="hoverrgn" />
    </VerticalLayout>

    <Container name="fbmsgbox" float="true" visible="false" width="350" height="200" pos="0,0,350,200" bordersize="1" bkcolor="#FFFFFFFF" bordercolor="#FFD3D2D1" >
      <VerticalLayout name="main"  >
        <HorizontalLayout name="caption" bkcolor="#FFE5E5E5" padding="1,1,1,0" height="35"   >
          <HorizontalLayout width="8"/>
          <HorizontalLayout padding="0,0,0,3">
            <VerticalLayout >
            <HorizontalLayout height="2"/>
            <Label name="title" text="提示" height="28" align="left" valign="center"  endellipsis="true"/>
            <HorizontalLayout />
            </VerticalLayout >
          </HorizontalLayout>
          <HorizontalLayout width="3"/>
          <VerticalLayout width="25" height="30">
          <HorizontalLayout width="4" />
          <HorizontalLayout width="25" height="26">
          </HorizontalLayout>
          </VerticalLayout>
          <HorizontalLayout width="2"/>
        </HorizontalLayout>
        <HorizontalLayout height="40"  />
        <HorizontalLayout height="45" >
          <HorizontalLayout width="40" />
          <VerticalLayout >
            <Label name="tip1" height="22" width="270" text="您的反馈正在提交请稍等！" align="center" endellipsis="true" />
            <Label name="tip2" height="23" width="270" text="" align="center" endellipsis="true" />
          </VerticalLayout >
          <HorizontalLayout width="40" />
        </HorizontalLayout>
        <HorizontalLayout height="30" /> 
        <HorizontalLayout height="28" name="btn_t1" >
          <HorizontalLayout />
          <Button visible="false" name="btnok" width="85" normalimage="file='comm_btnok.png' source='0,0,85,28'" hotimage="file='comm_btnok.png' source='85,0,170,28'" pushedimage="file='comm_btnok.png' source='170,0,255,32'" />
          <HorizontalLayout />
        </HorizontalLayout>
        <HorizontalLayout height="25" />
      </VerticalLayout>
    </Container>

    <Label name="buff" visible="false" float="true" pos="81,60,94,73" width="13" height="13" bkimage="nvbuff.png"  >
    </Label>
    <Wnd float="true" pos="100,100,500,500" width="400" height="400" />
</HorizontalLayout>
</Window>
