﻿<?xml version="1.0" encoding="utf-8" standalone="yes" ?>
<Window size="1088,612" mininfo="1088,612"  caption="0,0,0,39" sizebox="2,2,2,2" >
<Font name="微软雅黑" size="14" default="true" />
<Font name="微软雅黑" size="16" bold="true" />
<Font name="微软雅黑" size="22"/>
<Font name="微软雅黑" size="10"/>
<Font name="微软雅黑" size="12"/>
<Font name="微软雅黑" size="11"/>
<Font name="微软雅黑" size="11" bold="true"  index="6"/>
<Font name="微软雅黑" size="9"/>
<Font name="微软雅黑" size="14" bold="true"  index="8"/>
<Font name="微软雅黑" size="13" bold="true"  index="9"/>
<Font name="微软雅黑" size="15" index="10"/>
<Font name="微软雅黑" size="22" index="11"/>
<Font name="微软雅黑" size="8" index="12"/>
<Default name="VScrollBar"  value="button1normalimage=&quot;file='scrollbar.bmp' source='0,90,16,106' mask='#FFFF00FF'&quot; button1hotimage=&quot;file='scrollbar.bmp' source='18,90,34,106' mask='#FFFF00FF'&quot; button1pushedimage=&quot;file='scrollbar.bmp' source='36,90,52,106' mask='#FFFF00FF'&quot; button1disabledimage=&quot;file='scrollbar.bmp' source='54,90,70,106' mask='#FFFF00FF'&quot; button2normalimage=&quot;file='scrollbar.bmp' source='0,108,16,124' mask='#FFFF00FF'&quot; button2hotimage=&quot;file='scrollbar.bmp' source='18,108,34,124' mask='#FFFF00FF'&quot; button2pushedimage=&quot;file='scrollbar.bmp' source='36,108,52,124' mask='#FFFF00FF'&quot; button2disabledimage=&quot;file='scrollbar.bmp' source='54,108,70,124' mask='#FFFF00FF'&quot; thumbnormalimage=&quot;file='scrollbar.bmp' source='0,126,16,142' corner='4,4,4,4' mask='#FFFF00FF'&quot; thumbhotimage=&quot;file='scrollbar.bmp' source='18,126,34,142' corner='4,4,4,4' mask='#FFFF00FF'&quot; thumbpushedimage=&quot;file='scrollbar.bmp' source='36,126,52,142' corner='4,4,4,4' mask='#FFFF00FF'&quot; thumbdisabledimage=&quot;file='scrollbar.bmp' source='54,126,70,142' corner='2,2,2,2' mask='#FFFF00FF'&quot; railnormalimage=&quot;file='scrollbar.bmp' source='0,144,16,160' corner='2,2,2,2' mask='#FFFF00FF'&quot; railhotimage=&quot;file='scrollbar.bmp' source='18,144,34,160' corner='2,2,2,2' mask='#FFFF00FF'&quot; railpushedimage=&quot;file='scrollbar.bmp' source='36,144,52,160' corner='2,2,2,2' mask='#FFFF00FF'&quot; raildisabledimage=&quot;file='scrollbar.bmp' source='54,144,70,160' corner='2,2,2,2' mask='#FFFF00FF'&quot; bknormalimage=&quot;file='scrollbar.bmp' source='0,162,16,178' corner='4,4,4,4' mask='#FFFF00FF'&quot; bkhotimage=&quot;file='scrollbar.bmp' source='18,162,34,178' corner='4,4,4,4' mask='#FFFF00FF'&quot; bkpushedimage=&quot;file='scrollbar.bmp' source='36,162,52,178' corner='4,4,4,4' mask='#FFFF00FF'&quot; bkdisabledimage=&quot;file='scrollbar.bmp' source='54,162,70,178' corner='2,2,2,2' mask='#FFFF00FF'&quot; width=&quot;9&quot; "  />
<HorizontalLayout name="vlayout_background" bkcolor="0xFFFFFFFF"   >
    <VerticalLayout name="lbk" width="146" bkimage="file='lbk.png'" >
        <HorizontalLayout name="lgnbk" height="130"  >
            <VerticalLayout  name="lgnbk1" />
            <VerticalLayout name="lgnbk2" >
                <HorizontalLayout name="lgnbk3" />
                <Button name="btnlgn" height="67" width="45" normalimage="file='face.png' source='0,0,45,67'" hotimage="file='face.png' source='45,0,90,67'" pushedimage="file='face.png' source='90,0,135,67'" />
                <HorizontalLayout name="lgnbk4" />
            </VerticalLayout >
            <VerticalLayout name="lgnbk5" />
        </HorizontalLayout>
        <Label height="1" name="bknon1" bkcolor="#FFDCDCDC" />
        <VerticalLayout name="bknon2" >
            <HorizontalLayout name="bknon3" height="40" />
            <HorizontalLayout name="bknon4" height="34" >
                <HorizontalLayout name="bknon5" />
                <Option width="132" name="home" height="34"  normalimage="file='tab1.png' source='0,0,132,34'" selectedimage="file='tab1.png' source='132,0,264,34'" group="tab" />
                <HorizontalLayout name="bknon6" />
            </HorizontalLayout>
            <HorizontalLayout name="bknon7" height="25" />
            <HorizontalLayout name="bknon8" height="34" >
                <HorizontalLayout name="bknon9" />
                <Option width="132" name="docmgr" height="34" selected="true" normalimage="file='tab2.png' source='0,0,132,34'" selectedimage="file='tab2.png' source='132,0,264,34'" group="tab" />
                <HorizontalLayout name="bknon10" />
            </HorizontalLayout>
            <HorizontalLayout name="bknon11" height="25" />
            <HorizontalLayout name="bknon12" height="34" >
                <HorizontalLayout name="bknon13" />
                <Option width="132" name="cloud"  height="34" normalimage="file='tab3.png' source='0,0,132,34'" selectedimage="file='tab3.png' source='132,0,264,34'" group="tab" />
                <HorizontalLayout name="bknon14" />
            </HorizontalLayout>
            <HorizontalLayout name="bknon15" height="25" />
            <HorizontalLayout name="bknon16" height="34" >
                <HorizontalLayout name="bknon17" />
                <Option width="132" name="device" height="34" normalimage="file='tab4.png' source='0,0,132,34'" selectedimage="file='tab4.png' source='132,0,264,34'" group="tab" />
                <HorizontalLayout name="bknon18" />
            </HorizontalLayout>
            <HorizontalLayout name="bknon27" />
        </VerticalLayout>
    </VerticalLayout>

    <VerticalLayout>
	    <HorizontalLayout name="sysbtnlayout" visible="false" height="28" >
            <HorizontalLayout name="bknon30" />
            <Button name="minbtn" width="27" normalimage="file='min.png' source='0,0,27,28'" hotimage="file='min.png' source='27,0,54,28'" pushedimage="file='min.png' source='54,0,81,28'"  />
            <Button name="maxbtn" width="27" visible="false" normalimage="file='max.png' source='0,0,27,28'" hotimage="file='max.png' source='27,0,54,28'" pushedimage="file='max.png' source='54,0,81,28'" />
            <Button name="restorebtn" width="27" normalimage="file='restore.png' source='0,0,27,28'" hotimage="file='restore.png' source='27,0,54,28'" pushedimage="file='restore.png' source='54,0,81,28'" />
            <Button name="closebtn" width="27" normalimage="file='close.png' source='0,0,27,28'" hotimage="file='close.png' source='27,0,54,28'" pushedimage="file='close.png' source='54,0,81,28'" />
        </HorizontalLayout>

    	<TabLayout  name="main_tablayout">
    		<!-- 我的账户 -->
			<VerticalLayout visible="false" name="homepagelayout" bkimage="rbk.png" >
                <HorizontalLayout name="vbknon4" height="1" />
                <HorizontalLayout >
                    <HorizontalLayout width="1" bkcolor="#FFFFFFFF" name="bknon5" />
                    <HorizontalLayout name="vbknon6" >
                        <WebBrowser name="user_web"  />
                    </HorizontalLayout>
                    <HorizontalLayout width="1" bkcolor="#FFFFFFFF" name="bknon5" />
                </HorizontalLayout>
                <HorizontalLayout name="bknon88" bkcolor="#FFFFFFFF" height="1" />
			</VerticalLayout>

			<!-- 我的文档 -->
		    <VerticalLayout visible="true" name="mydoclayout" bkcolor="#FFFFFFFF" >
		        <HorizontalLayout1 name="tbknon2" height="19" bkcolor="#FF00FF00"  >
		            <HorizontalLayout name="vbknon3" />
		            <Button name="minbtn" width="22" normalimage="file='min.png' source='0,0,22,19'" hotimage="file='min.png' source='22,0,44,19'" pushedimage="file='min.png' source='44,0,66,19'"  />
		            <Label width="10" />
		            <Button name="maxbtn4" width="22" visible="false" normalimage="file='max.png' source='0,0,22,19'" hotimage="file='max.png' source='22,0,44,19'" pushedimage="file='max.png' source='44,0,66,19'" />
		            <Button name="restorebtn4" width="22" normalimage="file='restore.png' source='0,0,22,19'" hotimage="file='restore.png' source='22,0,44,19'" pushedimage="file='restore.png' source='44,0,66,19'" />
		            <Label width="10" />
		            <Button name="closebtn" width="22" normalimage="file='close.png' source='0,0,22,19'" hotimage="file='close.png' source='22,0,44,19'" pushedimage="file='close.png' source='44,0,66,19'" />
		        </HorizontalLayout1>
		        <HorizontalLayout >
		            <HorizontalLayout width="33" />
		            <VerticalLayout>
		                <HorizontalLayout height="27"  >
                            <VerticalLayout  >
                                <HorizontalLayout   >
		                          <Option name="rfbtn" width="70" normalimage="file='rfbtn.png' dest='0,0,70,25' source='0,0,70,25'" selectedimage="file='rfbtn.png' dest='0,0,70,25' source='70,0,140,25'" selected="true" group="docmgr1" />
		                          <Label width="27" />
		                          <Option name="afbtn" width="70" normalimage="file='afbtn.png' dest='0,0,70,25' source='0,0,70,25'" selectedimage="file='afbtn.png' dest='0,0,70,25' source='70,0,140,25'" group="docmgr1" />
                                </HorizontalLayout>
                            </VerticalLayout>
		                    <VerticalLayout  >
		                        <HorizontalLayout >
		                            <HorizontalLayout  />
		                            <Label width="12" name="docslbk" bkimage="sfl.png" />
		                            <Edit  name="docsearch1" width="232" tipvalue="搜索我的文档" tipvaluecolor="0xFFACACAC"  bkimage="sfc.png" nativebkcolor="#FFFFFFFF"  />
		                            <Button width="14" name="sfbtn" bkcolor="#FFFFFFFF" normalimage="file='sfbtn.png' source='0,0,14,27'" hotimage="file='sfbtn.png' source='14,0,28,27'" pushedimage="file='sfbtn.png' source='14,0,28,27'" />
		                            <Label width="12" name="docslbk2"  bkimage="sfr.png" />
		                            <HorizontalLayout width="62" />
		                        </HorizontalLayout>
		                    </VerticalLayout>
		                </HorizontalLayout>
		                <HorizontalLayout height="32" />
		                <HorizontalLayout >
		                    <HorizontalLayout width="23" />
		                    <VerticalLayout name="doclistlay" >
		                        <HorizontalLayout height="14" >
		                            <Label name="dfilename" width="41" bkimage="dfnm.png" />
		                            <HorizontalLayout  />
		                            <Label name="dsize" width="28" bkimage="dsize.png" />
		                            <HorizontalLayout width="67" />
		                            <Label name="dmodfiydate" width="56" bkimage="dmfdate.png" />
		                            <HorizontalLayout width="121" />
		                        </HorizontalLayout>
		                        <HorizontalLayout height="15" />
		                        <List name="recentdoclist" header="hidden" childpadding="5" itemhotbkcolor="#fff9f4e9" itemselectedbkcolor="#fff9f4e9" vscrollbar="true" />
		                        <List name="alldoclist" visible="false" header="hidden" childpadding="5" itemhotbkcolor="#fff9f4e9" itemselectedbkcolor="#fff9f4e9" vscrollbar="true" />
		                    </VerticalLayout>
                            <HorizontalLayout name="recentnull" visible="false" >
                                <HorizontalLayout width="146" />
                                <HorizontalLayout />
                                <HorizontalLayout>
                                    <VerticalLayout >
                                        <HorizontalLayout />
                                        <Button name="openpdf"  width="60" height="95" normalimage="file='openpdf.png' source='0,0,60,95'" hotimage="file='openpdf.png' source='60,0,120,95'" pushedimage="file='openpdf.png' source='120,0,180,95'"   />
                                        <HorizontalLayout />
                                    </VerticalLayout>
                                </HorizontalLayout>
                                <HorizontalLayout />
                            </HorizontalLayout>
		                </HorizontalLayout>
		            </VerticalLayout>
		            <HorizontalLayout width="33" />
		        </HorizontalLayout>
		        <HorizontalLayout height="55" />
		    </VerticalLayout>

			<!-- 我的云盘 -->
			<Include source="MyCloud\MyCloud.xml">
		    </Include >


		    <!-- 我的设备 -->
		    <Include source="MyDevice\MyDevice.xml">
		    </Include >

    	</TabLayout>

    </VerticalLayout>


    <VerticalLayout visible="false" name="userhome" bkcolor="#FFFFFFFF" >
        <HorizontalLayout name="vbknon4" height="1" />
        <HorizontalLayout >
            <HorizontalLayout width="1" bkcolor="#FFFFFFFF" name="bknon5" />
            <HorizontalLayout name="vbknon6" >
                <WebBrowser name="user_web2222"  />
            </HorizontalLayout>
            <HorizontalLayout width="1" bkcolor="#FFFFFFFF" name="bknon5" />
        </HorizontalLayout>
        <HorizontalLayout name="bknon88" bkcolor="#FFFFFFFF" height="1" />
    </VerticalLayout>

    <VerticalLayout name="lgnsucc" float="true" pos="0,0,146,130" visible="false" width="146" height="130"  bkimage="file='lbk.png' source='0,0,144,125' "  >
        <HorizontalLayout name="lgnbk" height="62"  >
            <VerticalLayout name="lgnbk1" />
            <VerticalLayout name="lgnbk2" >
                <HorizontalLayout height="16" name="lgnbk3" />
                <HeadIcon name="headpic"  bkimage="" autopencolor="true"  width="46" height="46"/>
            </VerticalLayout >
            <VerticalLayout name="lgnbk5" />
        </HorizontalLayout>
        <HorizontalLayout height="6" />
        <VerticalLayout height="18" >
            <HorizontalLayout >
                <HorizontalLayout width="10" />
                <Label name="usernm" height="18" textcolor="#FFFFFFFF" endellipsis="true" valign="center" align="center"  />
                <HorizontalLayout width="10" />
            </HorizontalLayout >
        </VerticalLayout>
        <HorizontalLayout height="11" />
        <HorizontalLayout height="6" >
            <HorizontalLayout width="20" />
            <Progress name="diskrl" bkcolor="#FFFFFFFF" foreimage="diskfpgs.png" max="100" min="0" value="0" />
            <HorizontalLayout width="20" />
        </HorizontalLayout>
        <HorizontalLayout height="4" />
        <HorizontalLayout height="11" >
            <HorizontalLayout width="20" />
            <Label name="capacity" align="left" text="" textcolor="#FFFFFFFF" valign="top" font="12" />
            <VerticalLayout width="17" >
                <HorizontalLayout height="1" />
                <Button name="buy_disk" height="10" width="17" normalimage="file='buydisk.png' source='0,0,17,10'" hotimage="file='buydisk.png' source='17,0,34,10'" pushedimage="file='buydisk.png' source='17,0,34,10'"  />
            </VerticalLayout>
            <HorizontalLayout width="20" />
        </HorizontalLayout>
        <HorizontalLayout />
    </VerticalLayout>

    <VerticalLayout  float="true" name="schres" bkcolor="#FFFFFFFF" bkimage="schbk.png" bordersize="0"  pos="726,60,993,263" visible="false"  >
        <HorizontalLayout  height="5" name="schresnon1" />
        <HorizontalLayout name="schresnon2" >
            <HorizontalLayout width="16" name="schresnon3" />
            <VerticalLayout name="schresnon4" >
                <Label text="搜索结果及建议:"  height="14" textcolor="#FFB6B6B6" font="4" visible="false" name="schresnon5"  />
                <List  name="searchres" vscrollbar="true" childpadding="0" itemhotbkcolor="#fff9f4e9" itemselectedbkcolor="#fff9f4e9" >
                    <ListHeader height="5" menu="false" >
                    </ListHeader>
                </List>
            </VerticalLayout>
            <HorizontalLayout width="10" name="schresnon6" />
        </HorizontalLayout>
        <HorizontalLayout height="10" name="schresnon7" />
    </VerticalLayout>

    <VerticalLayout  float="true" name="schresnull" bkcolor="#FFFFFFFF" borderround="4,4,4,4" bordersize="1" bordercolor="#FF979797" pos="726,60,995,83" visible="false"  >
        <HorizontalLayout height="23" >
            <HorizontalLayout width="10"  />
            <Label text="没有与搜索条件匹配的文件"  valign="center" align="left"  font="4" name="schresnulltip"  />
            <HorizontalLayout width="10"  />
        </HorizontalLayout>
    </VerticalLayout>

    <VerticalLayout name="vuserinfo" visible="false"  float="true" pos="40,39,230,187" bkimage="userinfo.png"   >
        <Label name="hoverrgn" height="8" />
        <HorizontalLayout height="36" >
            <Label name="hoverrgn" width="20" />
            <Label name="uifname" text=""  valign="center" align="left" endellipsis="true" font="5"  />
            <Button name="lgnout" width="21" normalimage="file='lgnout.png' source='0,0,21,14' dest='0,11,21,25'"  hotimage="file='lgnout.png' source='21,0,42,14' dest='0,11,21,25'" pushedimage="file='lgnout.png' source='21,0,42,14' dest='0,11,21,25'" />
            <Label name="hoverrgn" width="5" />
        </HorizontalLayout>
        <Label name="hoverrgn" height="20" />
        <HorizontalLayout height="20" >
            <Label name="utxt"  text="" valign="center" align="center" font="4"  />
        </HorizontalLayout>
        <Label name="hoverrgn" height="20" />
        <HorizontalLayout height="24" >
            <Label />
            <Button name="uifbtn" height="24" width="88" normalimage="file='buyvip.png' source='0,0,88,24' " hotimage="file='buyvip.png' source='88,0,176,24'" pushedimage="file='buyvip.png' source='176,0,264,24'" />
            <Label />
        </HorizontalLayout>
        <Label name="hoverrgn" />
    </VerticalLayout>

    <Container name="fbmsgbox" float="true" visible="false" width="350" height="200" pos="0,0,350,200" bordersize="1" bkcolor="#FFFFFFFF" bordercolor="#FFD3D2D1" >
      <VerticalLayout name="main"  >
        <HorizontalLayout name="caption" bkcolor="#FFE5E5E5" padding="1,1,1,0" height="35"   >
          <HorizontalLayout width="8"/>
          <HorizontalLayout padding="0,0,0,3">
            <VerticalLayout >
            <HorizontalLayout height="2"/>
            <Label name="title" text="提示" height="28" align="left" valign="center"  endellipsis="true"/>
            <HorizontalLayout />
            </VerticalLayout >
          </HorizontalLayout>
          <HorizontalLayout width="3"/>
          <VerticalLayout width="25" height="30">
          <HorizontalLayout width="4" />
          <HorizontalLayout width="25" height="26">
          </HorizontalLayout>
          </VerticalLayout>
          <HorizontalLayout width="2"/>
        </HorizontalLayout>
        <HorizontalLayout height="40"  />
        <HorizontalLayout height="45" >
          <HorizontalLayout width="40" />
          <VerticalLayout >
            <Label name="tip1" height="22" width="270" text="您的反馈正在提交请稍等！" align="center" endellipsis="true" />
            <Label name="tip2" height="23" width="270" text="" align="center" endellipsis="true" />
          </VerticalLayout >
          <HorizontalLayout width="40" />
        </HorizontalLayout>
        <HorizontalLayout height="30" /> 
        <HorizontalLayout height="28" name="btn_t1" >
          <HorizontalLayout />
          <Button visible="false" name="btnok" width="85" normalimage="file='comm_btnok.png' source='0,0,85,28'" hotimage="file='comm_btnok.png' source='85,0,170,28'" pushedimage="file='comm_btnok.png' source='170,0,255,32'" />
          <HorizontalLayout />
        </HorizontalLayout>
        <HorizontalLayout height="25" />
      </VerticalLayout>
    </Container>
    <Label name="buff" visible="false" float="true" pos="79,50,92,63" width="13" height="13" bkimage="nvbuff.png"  >
    </Label>
    <VerticalLayout name="coverlayout" visible="false" float="true" pos="0,0,1088,612" bkcolor="#99A0A0A0" >
        <VerticalLayout />
        <HorizontalLayout height="30" name="linkedlay" visible="false" >
            <HorizontalLayout width="146" />
            <HorizontalLayout />
            <Label width="120" bkimage="linked.png" />
            <HorizontalLayout />
        </HorizontalLayout>
        <VerticalLayout />
    </VerticalLayout >

    <Wnd float="true" pos="100,100,500,500" width="400" height="400" />
</HorizontalLayout>
</Window>
