<?xml version="1.0" encoding="utf-8"?>
<Window>
  <Font id="0" name="微软雅黑" size="12" bold="false" default="true" />
  <Font id="1" name="微软雅黑" size="12" bold="true"/>
  <Default name="Menu" value="inset=&quot;1,1,1,1&quot; itemtextpadding=&quot;30,0,0,0&quot; hole=&quot;false&quot; itembkcolor=&quot;FFFAFAFA&quot; itemselectedbkcolor=&quot;FFE6E6E6&quot;" />
  <Menu bkcolor="#FFCCCCCC">
    <MenuElement name="menu_item_doc_open" text="打开" />
	<MenuElement name="menu_item_doc_open_folder" text="打开所在文件夹"/>
	<MenuElement name="menu_item_doc_delete_pdf" text="删除"/>
  </Menu>
</Window>
