<?xml version="1.0" encoding="utf-8"?>
<Window>
  <Font id="0" name="微软雅黑" size="12" bold="false" default="true" />
  <Font id="1" name="微软雅黑" size="12" bold="true"/>
  <Default name="Menu" value="inset=&quot;1,1,1,1&quot; itemtextpadding=&quot;30,0,0,0&quot; hole=&quot;false&quot; itembkcolor=&quot;FFFAFAFA&quot; itemselectedbkcolor=&quot;FFE6E6E6&quot;" />
  <Menu bkcolor="#FFCCCCCC">
      <MenuElement name="menu_item_open" text="打开" />
	  <MenuElement name="menu_item_open_folder" text="打开文件夹"/>
	  <MenuElement linetype="true" height="1"/>
	  <MenuElement name="menu_item_remove"text="删除此记录" />
	  <MenuElement name="menu_item_clear"text="清空" />
  </Menu>
</Window>
