<?xml version="1.0" encoding="utf-8" standalone="yes" ?>
<Window size="190,148" caption="0,0,0,0" bktrans="true" >
<Font name="微软雅黑" size="14" default="true" />
<Font name="微软雅黑" size="16" bold="true" />
<Font name="微软雅黑" size="22"/>
<Font name="微软雅黑" size="10"/>
<Font name="微软雅黑" size="11"/>
    <VerticalLayout  bkimage="userinfo.png"   >
        <Label name="hoverrgn" height="8" />
        <HorizontalLayout height="36" >
            <Label name="hoverrgn" width="20" />
            <Label name="uifname" text="" textpadding="0,0,14,0"  valign="center" align="left" endellipsis="true" font="5"  />
            <Button name="lgnout" width="21" normalimage="file='lgnout.png' source='0,0,21,14' dest='0,11,21,25'"  hotimage="file='lgnout.png' source='21,0,42,14' dest='0,11,21,25'" pushedimage="file='lgnout.png' source='21,0,42,14' dest='0,11,21,25'" />
            <Label name="hoverrgn" width="5" />
        </HorizontalLayout>
        <Label name="hoverrgn" height="20" />
        <HorizontalLayout height="20" >
            <Label name="ustxt" text=""  valign="center" align="center" font="4"  />
        </HorizontalLayout>
        <Label name="hoverrgn" height="20" />
        <HorizontalLayout height="24" >
            <Label />
            <Button name="uifbtn" height="24" width="88" normalimage="file='uptovip.png' source='0,0,88,24' " hotimage="file='uptovip.png' source='88,0,176,24'" pushedimage="file='uptovip.png' source='176,0,264,24'" />
            <Label />
        </HorizontalLayout>
        <Label name="hoverrgn" />
    </VerticalLayout>
</Window>