<?xml version="1.0" encoding="utf-8" standalone="yes" ?>
<Window size="830,550" caption="0,0,0,0"  >
<Font name="微软雅黑" size="14" default="true" />
<Font name="微软雅黑" size="16" bold="true" />
<Font name="微软雅黑" size="22"/>
<Font name="微软雅黑" size="10"/>
<Font name="微软雅黑" size="11"/>
<VerticalLayout bkcolor="#FFFFFFFF" >
    <VerticalLayout height="39" >
    <HorizontalLayout height="7" />
    <HorizontalLayout />
    <HorizontalLayout height="26" >
        <HorizontalLayout width="13" />
        <Option width="68" name="vip" setected="true" normalimage="file='vipopt.png' source='0,0,68,26'" selectedimage="file='vipopt.png' source='68,0,136,26'" group="utab" />
        <Option width="68" name="buy" normalimage="file='buyopt.png' source='0,0,68,26'" selectedimage="file='buyopt.png' source='68,0,136,26'" group="utab" />
        <Option width="68" name="present" normalimage="file='presentopt.png' source='0,0,68,26'" selectedimage="file='presentopt.png' source='68,0,136,26'" group="utab" />
        <VerticalLayout  >
            <HorizontalLayout />
            <Label height="1" bkcolor="#FFDCDCDC" />
        </VerticalLayout>
        <VerticalLayout width="17" >
            <VerticalLayout />
            <Button name="close" height="14" normalimage="file='uclose.png' source='0,0,17,14'" hotimage="file='uclose.png' source='17,0,34,14'" pushedimage="file='uclose.png' source='34,0,51,14'" />
            <VerticalLayout />
            <Label height="3"  />
            <Label height="1" bkcolor="#FFDCDCDC" />
        </VerticalLayout>
        <HorizontalLayout width="13" />
    </HorizontalLayout>
    <HorizontalLayout />
    </VerticalLayout>
    <HorizontalLayout >
        <WebBrowser name="web" homepage="https://www.baidu.com" autonavi="true" />
    </HorizontalLayout>
</VerticalLayout>
</Window>