<?xml version="1.0" encoding="UTF-8"?>
<Window size="500,400" caption="0,0,0,36" roundcorner="1,1" >
	<VerticalLayout inset="4,0,4,4" bkcolor="#FFFFFFFF">
		<HorizontalLayout height="10" />
		<HorizontalLayout height="28">
			<Control />
			<Button  name="close" width="22" height="14" normalimage="file='vclose.png' source='0,0,17,14' dest='0,0,17,14'" hotimage="file='vclose.png' source='17,0,34,14' dest='0,0,17,14'" pushedimage="file='vclose.png' source='34,0,51,14' dest='0,0,17,14'" />
		</HorizontalLayout >
		<HorizontalLayout height="14" >
			<Control />
			<Control height="14" width="252" bkimage="register\caption.png" />
			<Control />
		</HorizontalLayout>
		<HorizontalLayout height="37" />
		<HorizontalLayout   >
			<Control />
			<Container width="260" >
				<VerticalLayout>
				<VerticalLayout height="30" width="260" inset="10,4,10,4" bkimage="edit_bk.png" >
					<Edit name="account_edit"  tipvalue="请输入邮箱地址"/>
				</VerticalLayout>

				<HorizontalLayout height="24" />

				<VerticalLayout height="30" width="260" inset="10,4,10,4" bkimage="edit_bk.png" >
					<Edit name="password_edit" password="true" passwordchar="●"  tipvalue="请输入登录密码"/>
				</VerticalLayout>

				<HorizontalLayout height="24" />

				<VerticalLayout height="30" inset="10,4,10,4" bkimage="edit_bk.png" >
					<Edit name="ack_edit" password="true" passwordchar="●"  tipvalue="请确认登录密码"/>
				</VerticalLayout>

				<HorizontalLayout height="34" />

				<Button name="register" width="260" height="30" normalimage="file='register\register.png' source='0,0,260,30'" hotimage="file='register\register.png' source='260,0,520,30'" pushedimage="file='register\register.png' source='520,0,780,30'"  disabledimage="file='register\register.png' source='780,0,1040,30'"  />

				<HorizontalLayout height="16" />

				<HorizontalLayout height="16" >
					<VerticalLayout width="14" >
						<HorizontalLayout height="1" />
						<CheckBox name="agree" width="14" height="14" normalimage="file='register\check.png' source='0,0,14,14'" selectedimage="file='register\check.png' source='14,0,28,14'" selected="true" />
						<HorizontalLayout height="1" />
					</VerticalLayout>
					<HorizontalLayout width="12" />
					<Button name="agree_link" width="151" height="16" normalimage="file='register\agreement_link.png' source='0,0,151,16'" hotimage="file='register\agreement_link.png' source='151,0,302,16'" />
				</HorizontalLayout>
				</VerticalLayout>
			</Container>
			<Control />
		</HorizontalLayout>
		
		<HorizontalLayout height="26" />
		<HorizontalLayout height="16" >
			<HorizontalLayout />
			<Button name="goto_login"  width="108"  normalimage="file='register\goto_login.png' source='0,0,108,16'" hotimage="file='register\goto_login.png' source='108,0,216,16'" pushedimage="file='login_goto_login.png' source='108,0,216,16'"    />
			<HorizontalLayout width="117" />
		</HorizontalLayout>
		<HorizontalLayout height="30" />
		<VerticalLayout height="33" float="true" pos="386,90,506,123" >
			<HorizontalLayout height="33" >
				<HorizontalLayout width="3" />
				<VerticalLayout width="14" >
					<HorizontalLayout />
					<Label name="mailtippic" width="14" height="15" />
					<HorizontalLayout />
				</VerticalLayout>
				<HorizontalLayout width="2" />
				<Label name="mailtip" valign="center"  align="left"  />
			</HorizontalLayout>
			<HorizontalLayout />
		</VerticalLayout>
    </VerticalLayout>
</Window>