<?xml version="1.0" encoding="UTF-8"?>
<Window size="500,400" caption="0,0,0,36" roundcorner="1,1" >
	<Font name="宋体" size="12" />
	<VerticalLayout inset="4,0,4,4" bkcolor="#FFFFFFFF">
		<HorizontalLayout height="38">
			<Control />
			<VerticalLayout width="17" >
				<Control height="5" />
				<Button  name="close" width="17" height="14" normalimage="file='vclose.png' source='0,0,17,14'" hotimage="file='vclose.png' source='17,0,34,14'" pushedimage="file='vclose.png' source='34,0,51,14'" />
				<Control />
			</VerticalLayout>
		</HorizontalLayout>
		<HorizontalLayout height="14" >
			<Control />
			<Control height="14" width="252" bkimage="register\resetpassward_caption.png" />
			<Control />
		</HorizontalLayout>
		<HorizontalLayout height="67" />
		<HorizontalLayout   >
			<Control />
			<Container width="260">
				<VerticalLayout >
					<VerticalLayout height="30" inset="10,4,10,4" bkimage="edit_bk.png" >
						<Edit name="newpw" password="true" passwordchar="●" tipvalue="请输入新密码"/>
					</VerticalLayout>
					<HorizontalLayout height="24" />
					<HorizontalLayout height="30" >
						<HorizontalLayout width="260" height="30" inset="10,4,10,4" bkimage="edit_bk.png" >
							<Edit name="Verifpw" password="true" passwordchar="●" tipvalue="请确认新密码"/> 
						</HorizontalLayout>	
					</HorizontalLayout>
					<HorizontalLayout height="34" />
					<VerticalLayout width="260" height="30"   >
						<Button name="resetbtn"  height="30" normalimage="file='resetpw.png' source='0,0,260,30'" hotimage="file='resetpw.png' source='260,0,520,30'" pushedimage="file='resetpw.png' source='520,0,780,30'" />
					</VerticalLayout>
				</VerticalLayout>
			</Container>
			<Control />
		</HorizontalLayout>
		

    </VerticalLayout>
</Window>