﻿<?xml version="1.0" encoding="utf-8"?>
<Window bkcolor="#ffffffff" shadow-image="shadow.png" shadow-width="9">
    <Frame name="optional" align="stretch" >
    	<!--一键安装-->
    	<Frame1 name="one-click-frame" align="stretch" visible="0">
    		<ImageView image="completed_bk.png"/>
		    <Frame height="114" align="hstretch-bottom" visible="1">
			    <CheckBox name="agreement-agree" check="1" margin-left="14" margin-bottom="20" align="bottom" width="180" height="20">
			    	<ImageView image="check.png" image-column="3" image-row="2" width="14" height="14" align="vcenter"/>
			    	<Label margin-left="16" margin-top="1" align="stretch" text="已阅读并同意" font-size="9" text-color="#ff333333"/>
			    </CheckBox>

			    <LinkLabel name="agreement-link" text="许可协议" hand-cursor="1" text-color="#ff3d7dc9" margin-left="104" margin-bottom="21" align="bottom" font-size="9" />

			    <Button name="one-click-setup" hand-cursor="1" image="one_click_setup.png" image-count="4" width="176" height="42" align="hcenter-bottom"  margin-bottom="43" />

			    <Button name="set" hand-cursor="1" image="set.png" image-count="3" margin-right="14" margin-bottom="20" align="bottom-right" width="61" height="12"/>
			</Frame>
    	</Frame1>


    	<!--设置-->
    	<Frame name="set-frame" align="stretch" visible="1">
    		<ImageView image="bk_1.png"/>
		    <Frame  bkcolor="#ffffffff" margin-top="207" height="233" align="hstretch" >
			    <Label name="title" text="选择安装路径:" font-size="9" text-color="#ff333333"  margin-left="87" margin-top="22" width="100" height="15" />

			    <ImageView image="edit_bk.png" margin-left="87" margin-top="46" width="290" height="28" />
			    <Edit name="install-path" text="" font-size="9" text-color="#ff333333" margin-left="97" margin-top="50" width="270" height="20"  edit-offsetX="-1" />

			    <Label name="sapce" text="可用10GB" font-size="9" text-color="#ff999999" margin-right="86" margin-top="54" height="15" align="right"/>
			    <Button name="set-install-path"  image="set_path.png" image-count="3"  margin-right="50" margin-top="54" width="22" height="15" align="right" />

			    <CheckBox name="op-agreement-agree" check="1" margin-left="20" margin-bottom="20" width="180" height="14" align="bottom">
			    	<ImageView name="image" image="check.png" image-column="3" image-row="2" width="14" height="14" align="vcenter"/>
			    	<Label name="text" margin-left="16" margin-top="0" width="70" height="14" align="hstretch" text="已阅读并同意" font-size="9" text-color="#ff333333"/>
			    </CheckBox>
			    <LinkLabel name="agreement-link" text="许可协议" font-size="9" text-color="#ff3d7dc9" margin-left="109" margin-bottom="18"  align="bottom"/>

				
			    <Button name="setup" margin-right="0" margin-bottom="16" width="176" height="61" align="hcenter-bottom" image="steup.png" image-count="4" />

			    <Button name="pull-down" margin-right="20" margin-bottom="17" width="20" height="20" align="right-bottom" image="pull_down.png"  image-count="3"/>
			    <Button name="pull-up" margin-right="20" margin-bottom="17" width="20" height="20" align="right-bottom" image="pull_up.png"  image-count="3" visible="0"/>
			</Frame>
			<Frame name="pull-down-frame" bkcolor="#ffffffff" margin-top="440" height="40" align="hstretch" >
				<CheckBox name="option_add_shortcut" check="1" margin-left="20" width="150" height="14" align="top">
			    	<ImageView name="image" image="option_check.png" image-column="3" image-row="2" width="14" height="14" align="vcenter"/>
			    	<Label name="text" margin-left="22" margin-top="0" width="70" height="14" align="hstretch" text="添加到桌面快捷方式" font-size="9" text-color="#ff777777"/>
			    </CheckBox>

			    <CheckBox name="option_add_sysmenu" check="1" margin-left="203" width="150" height="14" align="top">
			    	<ImageView name="image" image="option_check.png" image-column="3" image-row="2" width="14" height="14" align="vcenter"/>
			    	<Label name="text" margin-left="22" margin-top="0" width="70" height="14" align="hstretch" text="添加到系统快捷启动" font-size="9" text-color="#ff777777"/>
			    </CheckBox>

			    <CheckBox name="option_set_default" check="1" margin-left="385" width="150" height="14" align="top">
			    	<ImageView name="image" image="option_check.png" image-column="3" image-row="2" width="14" height="14" align="vcenter"/>
			    	<Label name="text" margin-left="22" margin-top="0" width="70" height="14" align="hstretch" text="设为默认PDF阅读器" font-size="9" text-color="#ff777777"/>
			    </CheckBox>		    
			</Frame>
    	</Frame>

    </Frame>	

	<Frame name="installing" align="stretch" bkcolor="#ffffffff" visible="0">
		<AnimateImageView image0="image0.png" image1="image1.png" delay="3000" align="hstretch" height="326" />
		<Label text="正在释放安装文件" font-size="9" text-color="#ff333333" margin-left="37" margin-bottom="69" height="15" align="bottom" />
		<Progress name="progress" bkimage="progress_bk.png" progress-image="progress.png" height="20" margin-bottom="44" margin-left="37" margin-right="37" align="hstretch-bottom" />
		<Label name="progress-lable" text="0%" font-size="9" text-color="#ff333333" margin-bottom="46" height="15" align="bottom-hcenter"/>
	</Frame>

	<Frame name="completed" align="stretch" bkcolor="#ffffffff" visible="0">
		<ImageView image="completed_bk.png"/>
		<Button name="finish" hand-cursor="1" image="finish.png" image-count="3" width="176" height="42" margin-bottom="16" align="hcenter-bottom"  />

	</Frame>

	<Frame name="sysbar" margin-top="6" align="right" width="142" height="26"  >
		<Button name="min" margin-right="40" width="26" height="26" align="right" tooltip="最小化" image="min.png" image-count="3" />
		<Button name="close" margin-right="9" width="26" height="26" align="right" tooltip="关闭" image="close.png" image-count="4"/>
	</Frame>
</Window>