<?xml version="1.0" encoding="utf-8" standalone="yes" ?>
<Window size="540,368"  caption="0,0,0,25"  >
<Font name="微软雅黑" size="14" default="true" />
<Font name="微软雅黑" size="16" bold="true" />
<Font name="微软雅黑" size="22"/>
<Font name="微软雅黑" size="10"/>
<Font name="微软雅黑" size="11"/>
<Default name="VScrollBar"  value="button1normalimage=&quot;file='scrollbar.bmp' source='0,90,16,106' mask='#FFFF00FF'&quot; button1hotimage=&quot;file='scrollbar.bmp' source='18,90,34,106' mask='#FFFF00FF'&quot; button1pushedimage=&quot;file='scrollbar.bmp' source='36,90,52,106' mask='#FFFF00FF'&quot; button1disabledimage=&quot;file='scrollbar.bmp' source='54,90,70,106' mask='#FFFF00FF'&quot; button2normalimage=&quot;file='scrollbar.bmp' source='0,108,16,124' mask='#FFFF00FF'&quot; button2hotimage=&quot;file='scrollbar.bmp' source='18,108,34,124' mask='#FFFF00FF'&quot; button2pushedimage=&quot;file='scrollbar.bmp' source='36,108,52,124' mask='#FFFF00FF'&quot; button2disabledimage=&quot;file='scrollbar.bmp' source='54,108,70,124' mask='#FFFF00FF'&quot; thumbnormalimage=&quot;file='scrollbar.bmp' source='0,126,16,142' corner='4,4,4,4' mask='#FFFF00FF'&quot; thumbhotimage=&quot;file='scrollbar.bmp' source='18,126,34,142' corner='4,4,4,4' mask='#FFFF00FF'&quot; thumbpushedimage=&quot;file='scrollbar.bmp' source='36,126,52,142' corner='4,4,4,4' mask='#FFFF00FF'&quot; thumbdisabledimage=&quot;file='scrollbar.bmp' source='54,126,70,142' corner='2,2,2,2' mask='#FFFF00FF'&quot; railnormalimage=&quot;file='scrollbar.bmp' source='0,144,16,160' corner='2,2,2,2' mask='#FFFF00FF'&quot; railhotimage=&quot;file='scrollbar.bmp' source='18,144,34,160' corner='2,2,2,2' mask='#FFFF00FF'&quot; railpushedimage=&quot;file='scrollbar.bmp' source='36,144,52,160' corner='2,2,2,2' mask='#FFFF00FF'&quot; raildisabledimage=&quot;file='scrollbar.bmp' source='54,144,70,160' corner='2,2,2,2' mask='#FFFF00FF'&quot; bknormalimage=&quot;file='scrollbar.bmp' source='0,162,16,178' corner='4,4,4,4' mask='#FFFF00FF'&quot; bkhotimage=&quot;file='scrollbar.bmp' source='18,162,34,178' corner='4,4,4,4' mask='#FFFF00FF'&quot; bkpushedimage=&quot;file='scrollbar.bmp' source='36,162,52,178' corner='4,4,4,4' mask='#FFFF00FF'&quot; bkdisabledimage=&quot;file='scrollbar.bmp' source='54,162,70,178' corner='2,2,2,2' mask='#FFFF00FF'&quot; width=&quot;12&quot; "  />
<VerticalLayout bkcolor="#FFFFFFFF" showshadow="true" >
    <HorizontalLayout height="32" >
        <HorizontalLayout width="15" />
        <Label width="43" bkimage="file='mycloud/movetip.png' dest='0,13,43,32'" />
        <HorizontalLayout />
        <VerticalLayout width="17" >
            <HorizontalLayout width="17" />
            <Button  name="close" width="17" height="14" normalimage="file='vclose.png' source='0,0,17,14'" hotimage="file='vclose.png' source='17,0,34,14'" pushedimage="file='vclose.png' source='34,0,51,14'" />
            <HorizontalLayout />
        </VerticalLayout>
        <HorizontalLayout width="5" />
    </HorizontalLayout>
    <HorizontalLayout height="10" />
    <HorizontalLayout height="1"  bkcolor="#FFCCCCCC"   />
    <HorizontalLayout height="18" />
    <HorizontalLayout >
        <HorizontalLayout width="20" />
            <TreeView name="treeview" itemalign="left" itemvalign="center" multipleitem="false" itemiconimgsize="14,14"  header="true"  visiblefolderbtn="true" visiblecheckbtn="true" vscrollbar="true" >
                    <!--TreeNode name="111" height = "30"  itemattr="align=&quot;left&quot; valign=&quot;center&quot;" folderattr="padding=&quot;0,8,20,8&quot;  width=&quot;14&quot; height=&quot;14&quot; selectedimage=&quot;file='mycloud/treecheck_sel.png'source='0,0,14,14' &quot; normalimage=&quot;file='mycloud/treecheck.png'  source='0,0,14,14' &quot;" valign ="center"  text ="文件夹111" bkimage= "file='mycloud/dir.png' dest='30,7,46,23'" >
                        <TreeNode name="222" height = "30"  itemattr="align=&quot;left&quot; valign=&quot;center&quot;" folderattr="padding=&quot;0,8,20,8&quot;  width=&quot;14&quot; height=&quot;14&quot; selectedimage=&quot;file='mycloud/treecheck_sel.png'source='0,0,14,14' &quot; normalimage=&quot;file='mycloud/treecheck.png'  source='0,0,14,14' &quot;" valign ="center"  text ="文件夹222" bkimage= "file='mycloud/dir.png' dest='30,7,46,23'" />
                    </TreeNode-->
            </TreeView>
        <HorizontalLayout width="20" />
    </HorizontalLayout>
    <HorizontalLayout height="20" />
    <HorizontalLayout height="32" >
        <HorizontalLayout width="46" />
        <Button name="newdir" width="96" normalimage="file='mycloud/newdir.png' source='0,0,96,32'" hotimage="file='mycloud/newdir.png' source='96,0,192,32'" pushedimage="file='mycloud/newdir.png' source='192,0,288,32'"  />
        <HorizontalLayout />
        <Button name="btnok" width="96" normalimage="file='mycloud/ok.png' source='0,0,96,32'" hotimage="file='mycloud/ok.png' source='96,0,192,32'" pushedimage="file='mycloud/ok.png' source='192,0,288,32'" />
        <HorizontalLayout width="46" />
    </HorizontalLayout>
    <HorizontalLayout height="20" />
    <GifAnim name="anim" float="true" bkimage="mucloud/wait.gif" pos="150,90,350,290"  />
</VerticalLayout>
</Window>