<?xml version="1.0" encoding="utf-8" standalone="yes" ?>
<Root>
    <HorizontalLayout visible="true" name="MyCloudRootView" bkcolor="#FFFFFFFF">
        <Control width="34"  />
        <VerticalLayout  >
            <HorizontalLayout height="27" childpadding="27">
                <Option name="MyCloudOption"  width="70" normalimage="file='MyCloud\mydocment.png' dest='0,2,70,25' source='0,0,70,25'" selectedimage="file='MyCloud\mydocment.png' dest='0,2,70,25' source='70,0,140,25'" group="mycloud_tab" selected="true"/>
                <Option name="MyCloudShareOption"  width="70" normalimage="file='MyCloud\myshare.png' dest='0,2,70,25' source='0,0,70,25'" selectedimage="file='MyCloud\myshare.png' dest='0,2,70,25' source='70,0,140,25'" group="mycloud_tab" />
                <Option name="MyCloudTransferOption"  width="70" normalimage="file='MyCloud\mytransfer.png' dest='0,2,70,25' source='0,0,70,25'" selectedimage="file='MyCloud\mytransfer.png' dest='0,2,70,25' source='70,0,140,25'" group="mycloud_tab" />
                <Option name="MyCloudSettingOption"   width="70" normalimage="file='MyCloud\setting.png' dest='0,2,70,25' source='0,0,70,25'" selectedimage="file='MyCloud\setting.png' dest='0,2,70,25' source='70,0,140,25'" group="mycloud_tab" />
                <HorizontalLayout />
                <VerticalLayout name="cloudsearch"  height="27" width="270" >
                <Label height="1" bkcolor="0xffffffff" />
                <HorizontalLayout  >
                    <HorizontalLayout />
                    <Label width="12" name="cloudslbk" bkimage="sfl.png" />
                    <Edit  name="cloudsearch1" width="232" tipvalue="搜索我的文档" tipvaluecolor="0xFFACACAC"  bkimage="sfc.png" nativebkcolor="#FFFFFFFF"  />
                    <Button width="14" name="cloudfbtn" bkcolor="#FFFFFFFF" normalimage="file='sfbtn.png' source='0,0,14,27'" hotimage="file='sfbtn.png' source='14,0,28,27'" pushedimage="file='sfbtn.png' source='14,0,28,27'" />
                    <Label width="12" name="cloudslbk2"  bkimage="sfr.png" />
                    <HorizontalLayout width="62" />
                </HorizontalLayout>
                </VerticalLayout>
                <HorizontalLayout width="36" />
            </HorizontalLayout>
            

			<Container >
				<TabLayout name="MyCloudTabLayout" >
	                <!-- 我的云盘 -->
	                <TabLayout >
	                    <!-- 设备文件管理 -->
	                    <VerticalLayout name="mycloudlayout" >
	                        <Control height="20"  />
	                        <Container height="26"  >
	                            <HorizontalLayout height="20"  >
	                                <Control comment="space"/>
	                                <Container width="16" >
	                                    <Button name="MyCloudRefresh" float="true" pos="0,5,16,21" normalimage="file='MyCloud\refresh.png' source='0,0,16,16'" hotimage="file='MyCloud\refresh.png' source='16,0,32,16'" pushedimage="file='MyCloud\refresh.png' source='32,0,48,16'" disabledimage="file='MyCloud\refresh.png' source='48,0,64,16'"/>
	                                </Container>
	                                <Container name="TranferDanymicLay" width="253" visible="false" >
	                                    <HorizontalLayout> 
	                                        <HorizontalLayout width="120" />
	                                        <Container >
	                                            <Button name="tr_dyna" textpadding="35,0,0,0" align="center" valign="center" textcolor="#FFFFFFFF" text="正在上传" font="4" bkcolor="#00000000" normalimage="file='MyCloud\transfertip.png' source='0,0,120,26'" hotimage="file='MyCloud\transfertip.png' source='120,0,240,26'" pushedimage="file='MyCloud\transfertip.png' source='240,0,360,26'" />
                                                <GifAnim name="tr_anmi" float="true" pos="10,5,26,21" bkimage="MyCloud\transfer.gif" />
	                                        </Container>
	                                    </HorizontalLayout>
	                                </Container>
	                                <Control width="63"  />
	                            </HorizontalLayout> 

	                            <Button name="MyCloudUpload" float="true" pos="12,0,66,20" normalimage="file='MyCloud\upload.png' source='0,0,54,20'" hotimage="file='MyCloud\upload.png' source='54,0,108,20'" pushedimage="file='MyCloud\upload.png' source='108,0,162,20'" disabledimage="file='MyCloud\upload.png' source='162,0,216,19'"/>
	                            <Button name="MyCloudNew" float="true" pos="124,0,177,19" normalimage="file='MyCloud\new.png' source='0,0,53,19'" hotimage="file='MyCloud\new.png' source='53,0,106,19'" pushedimage="file='MyCloud\new.png' source='106,0,159,19'" disabledimage="file='MyCloud\new.png' source='159,0,212,19'"/>
	                            <Button name="MyCloudMore" float="true" pos="233,0,287,19" normalimage="file='MyCloud\more.png' source='0,0,54,19'" hotimage="file='MyCloud\more.png' source='54,0,108,19'" pushedimage="file='MyCloud\more.png' source='108,0,162,19'" disabledimage="file='MyCloud\more.png' source='162,0,216,19'"/>

	                        </Container>
	                        <Control height="18"/>
	                        <HorizontalLayout height="36" name="MyCloudPathContainer">
	                            <Control width="12"/>
	                        </HorizontalLayout>

	                        <Container>
	                            <List name="filelist" childpadding="8" itembkcolor="#00000000" itemhotbkcolor="#fff9f4e9" itemselectedbkcolor="#fff9f4e9" itemaltbk="false" vscrollbar="true" hscrollbar="false">
	                                <ListHeader height="44" menu="true">
	                                    <ListHeaderItem>
	                                        <Option name="cloudlist_select_all"  float="true" pos="14,15,28,29" normalimage="file='Filelist\check.png'" selectedimage="file='Filelist\check_sel.png'"/>

	                                        <Label text="文件名" float="true" pos="41,15,92,29" textcolor="#FF666666"/>
	                                    </ListHeaderItem>
	                                    <ListHeaderItem text="大小" align="left" textcolor="#FF9B9B9B" width="102" hotimage="file='list_header_hot.png'" pushedimage="file='list_header_pushed.png'" sepimage="file='list_header_sep.png'" />
	                                    <ListHeaderItem text="修改时间" align="left" textcolor="#FF9B9B9B" width="200" hotimage="file='list_header_hot.png'" pushedimage="file='list_header_pushed.png'" sepimage="file='list_header_sep.png'" />
	                                </ListHeader>
	                            </List>
	                            <List name="historylist" childpadding="8" itembkcolor="#00000000" itemhotbkcolor="#fff9f4e9" itemselectedbkcolor="#fff9f4e9" itemaltbk="false" vscrollbar="true" hscrollbar="false" visible="false">
	                                <ListHeader height="44" menu="true" >
	                                    <ListHeaderItem>
	                                        <Option name="historylist_select_all"  float="true" pos="14,15,28,29" normalimage="file='Filelist\check.png'" selectedimage="file='Filelist\check_sel.png'"/>

	                                        <Label text="文件名" float="true" pos="41,15,92,29" textcolor="#FF666666"/>
	                                    </ListHeaderItem>
	                                    <ListHeaderItem text="大小" align="left" textcolor="#FF9B9B9B" width="102" hotimage="file='list_header_hot.png'" pushedimage="file='list_header_pushed.png'" sepimage="file='list_header_sep.png'" />
	                                    <ListHeaderItem text="修改时间" align="left" textcolor="#FF9B9B9B" width="200" hotimage="file='list_header_hot.png'" pushedimage="file='list_header_pushed.png'" sepimage="file='list_header_sep.png'" />
	                                </ListHeader>
	                            </List>
	                        </Container>
	                        <Control height="55"/>
	                    </VerticalLayout>   
	                </TabLayout>
	                <!-- 我的分享 -->
	                <TabLayout >
	                    <VerticalLayout>
	                        <Control height="16"/>

	                        <HorizontalLayout>
	                            <List name="MyCloudShareList" bkcolor="#FFFFFFFF" inset="0,0,0,0" itemshowhtml="true" vscrollbar="true" hscrollbar="false" headerbkimage="file='list_header_bg.png'" itemalign="center" itembkcolor="#FFE2DDDF"  menu="true">
	                                <ListHeader height="44" menu="true">
	                                    <ListHeaderItem >
	                                        <HorizontalLayout>
	                                            <Control width="14"/>
	                                            <HorizontalLayout childpadding="13">
	                                                <Option name="SelectAll" text="分享文件" textcolor="#FF9B9B9B" textpadding="13,0,0,0" width="80" normalimage="file='Filelist\check.png' dest='0,15,14,29'" selectedimage="file='Filelist\check_sel.png' dest='0,15,14,29'"/>
	                                                <Button name="MyCloudCancelShare" width="68" visible="false" normalimage="file='MyCloud\cancel_share.png' source='0,0,68,20' dest='0,11,68,31'" hotimage="file='MyCloud\cancel_share.png' source='68,0,136,20' dest='0,11,68,31'" pushedimage="file='MyCloud\cancel_share.png' source='136,0,204,20' dest='0,11,68,31'" />
	                                                
	                                                <Button name="MyCloudShareRefresh" width="16" normalimage="file='MyCloud\refresh.png' source='0,0,16,16' dest='0,13,16,29'" hotimage="file='MyCloud\refresh.png' source='16,0,32,16' dest='0,13,16,29'" pushedimage="file='MyCloud\refresh.png' source='32,0,48,16' dest='0,13,16,29'"/>
	                                            </HorizontalLayout>
	                                        </HorizontalLayout>    

	                                        
	                                    </ListHeaderItem>
	                                    <ListHeaderItem text="下载次数" align="left" textcolor="#FF9B9B9B" width="117" hotimage="file='list_header_hot.png'" pushedimage="file='list_header_pushed.png'" sepimage="file='list_header_sep.png'" />
	                                    <ListHeaderItem text="分享时间" align="left" textcolor="#FF9B9B9B" width="161" hotimage="file='list_header_hot.png'" pushedimage="file='list_header_pushed.png'" sepimage="file='list_header_sep.png'" />
	                                    <ListHeaderItem text="失效时间" align="left" textcolor="#FF9B9B9B" width="161" hotimage="file='list_header_hot.png'" pushedimage="file='list_header_pushed.png'" sepimage="file='list_header_sep.png'" />
	                                </ListHeader>
	                            </List>
	                        </HorizontalLayout>
	                        <Control height="55"/>
	                    </VerticalLayout>   
	                </TabLayout>
	                <!-- 我的传输 -->
	                <TabLayout >
	                    <!-- 我的传输 -->
	                    <VerticalLayout >
	                        <Control height="20"/>
	                        <!-- 我的上传、我的下载、全部开始暂停按钮 -->
	                        <HorizontalLayout height="20">
	                            <HorizontalLayout  >
	                                <Option name="MyCloudUploadRecord" float="true" pos="22,3,79,21" normalimage="file='MyCloud\myupload.png' source='0,0,57,19'" selectedimage="file='MyCloud\myupload.png' source='57,0,114,19'" group="MyCloudTransferTab" selected="true"  />
	                                <Option name="MyCloudDownloadRecord" float="true"  pos="119,3,176,21" normalimage="file='MyCloud\mydownload.png' source='0,0,57,19'" selectedimage="file='MyCloud\mydownload.png' source='57,0,114,19'" group="MyCloudTransferTab" />
	                                <Option name="MyCloudflow" float="true" pos="216,3,273,21" normalimage="file='MyCloud\flow.png' source='0,0,57,19'" selectedimage="file='MyCloud\flow.png' source='57,0,114,19'" group="MyCloudTransferTab"/>
	                            </HorizontalLayout>
	                            <HorizontalLayout width="240">
	                                <Button name="runAll" width="70" normalimage="file='MyDevice\runall-1.png'" hotimage="file='MyDevice\runall-2.png'" pushedimage="file='MyDevice\runall-3.png'" />
	                                <Control comment="space" width="41"/>
	                                <Button name="runpauseAll" width="70" normalimage="file='MyDevice\runpause-1.png'" hotimage="file='MyDevice\runpause-2.png'" pushedimage="file='MyDevice\runpause-3.png'" />
	                                <Button name="refreshflow" visible="false" width="16" normalimage="file='MyCloud\refresh.png' dest='0,2,16,18' source='0,0,16,16'" hotimage="file='MyCloud\refresh.png' dest='0,2,16,18' source='16,0,32,16'" pushedimage="file='MyCloud\refresh.png' dest='0,2,16,18' source='32,0,48,16'" disabledimage="file='MyCloud\refresh.png' dest='0,2,16,18' source='48,0,64,16'" />
	                            </HorizontalLayout>
	                        </HorizontalLayout>

	                        <Control height="20" />
	                        <HorizontalLayout height="12" >
	                            <Control width="22"/>
	                            <Label name="downconter" text="共下载完成500份文档" font="4" textcolor="#FFA2A2A2"/>
	                            <Button name="clearAll" width="49" normalimage="file='MyDevice\clearAll-1.png'" hotimage="file='MyDevice\clearAll-2.png'" pushedimage="file='MyDevice\clearAll-1.png'" />
	                            <Control comment="space" width="62"/>
	                        </HorizontalLayout>

	                        <Control height="18"/>
	                        <HorizontalLayout>
	                            <Control comment="space" width="20"/>
	                            <TabLayout  name="mydevice_transfer_list_tablayout">
	                                <TabLayout>
	                                <List name="mydevice_upload_list" itemshowhtml="true" vscrollbar="true"  itemalign="center" itembkcolor="#FFFFFFFF"  hscrollbar="false" menu="true">
	                                </List>
	                                </TabLayout>
	                                <TabLayout  >
	                                <List name="mydevice_downlaod_list" itemshowhtml="true" vscrollbar="true"  itemalign="center" itembkcolor="#FFFFFFFF" hscrollbar="false" menu="true">
	                                </List>
	                                </TabLayout>
	                                <!-- 我的容量  -->
	                                <TabLayout >
	                                <HorizontalLayout  >
	                                    <Control comment="space"/>
	                                    <VerticalLayout width="436">
	                                        <Control  comment="space"/>

	                                        <VerticalLayout height="168">
	                                            <Progress bordersize="1" name="flowpgs"  bordercolor="#FFDCDCDC" forebkcolor="#ff7ed321" min="0" max="100" value="10" height="18"/>
	                                            <Control height="12"/>
	                                            <HorizontalLayout height="16">
	                                                <Label name="flowtip" text="" font="4" textcolor="#FFA2A2A2"/>
	                                                <Control comment="space"/>
	                                                <Button name="buy_flow" normalimage="file='MyCloud\buyflow.png' source='0,0,37,16'" hotimage="file='MyCloud\buyflow.png' source='37,0,74,16'" pushedimage="file='MyCloud\buyflow.png' source='74,0,111,16'" width="37" font="4" textcolor="#FFA2A2A2"/>
	                                            </HorizontalLayout>
	                                            <Control height="82"/>

	                                            <HorizontalLayout height="32">
	                                                <Control comment="space"/>
	                                                <Button name="MyCloudBuy" width="96" normalimage="file='MyCloud\buy.png' source='0,0,96,32'" hotimage="file='MyCloud\buy.png' source='96,0,192,32'" pushedimage="file='MyCloud\buy.png' source='192,0,288,32'" />
	                                                <Control comment="space"/>
	                                            </HorizontalLayout>
	                                        </VerticalLayout>

	                                        <Control comment="space"/>
	                                    </VerticalLayout>
	                                    <Control comment="space"/>
	                                </HorizontalLayout>
	                                </TabLayout>

	                            </TabLayout>
	                            
	                            <Control comment="space" width="20"/>
	                        </HorizontalLayout>
	                        <Control height="55"/>  

	                    </VerticalLayout> 
	                </TabLayout>

	                <!-- 云盘设置 -->
	                <VerticalLayout >
	                    <Control height="210"/>
	                    <!-- 我的上传、我的下载、全部开始暂停 -->
	                    <HorizontalLayout height="20">
	                        <Control width="186"/>
	                        <HorizontalLayout >
	                            <Label text="云端自动同步" width="95" textcolor="#FF4f4f4f"/>
	                            <Control width="74"/>
	                            <Option textpadding="14,0,0,0" name="MyCloudOpenSync" text="开启" textcolor="0xff666666" width="56" normalimage="file='Filelist\check.png' dest='0,3,14,17'" selectedimage="file='Filelist\check_sel.png' dest='0,3,14,17'" group="MyCloudSetingSync" selected="true"/>
	                            <Control width="60"/>
	                            <Option name="MyCloudCloseSync" textpadding="14,0,0,0" textcolor="0xff666666" text="关闭" width="56" normalimage="file='Filelist\check.png' dest='0,3,14,17'" selectedimage="file='Filelist\check_sel.png' dest='0,3,14,17'" group="MyCloudSetingSync"/>
	    
	                        </HorizontalLayout>
	                    </HorizontalLayout>
	                    <HorizontalLayout height="40" />
	                    <HorizontalLayout height="26">
	                        <Control width="186"/>
	                        <HorizontalLayout >
	                            <Label text="默认下载路径选择" width="115" textcolor="#FF4f4f4f"/>
	                            <Control width="54"/>
	                            <Edit name="dlsdir" width="345" textpadding="10,0,10,0" readonly="true" bordersize="1" bordercolor="#FF000000" />
	                            <HorizontalLayout width="20" />
	                            <Button name="dlsdirbtn" width="29" normalimage="file='MyCloud\changedir.png' dest='0,3,29,22' source='0,0,29,19'" hotimage="file='MyCloud\changedir.png' dest='0,3,29,22' source='29,0,58,19'" pushedimage="file='MyCloud\changedir.png' dest='0,3,29,22' source='58,0,87,19'" />
	                            <HorizontalLayout />
	                        </HorizontalLayout>
	                    </HorizontalLayout>
	                </VerticalLayout>

	            </TabLayout>
	            <VerticalLayout name="cloud_update_view" bkcolor="#ffffffff" visible="false">
	            	<Control name="space"  />
	            	<VerticalLayout height="227" >
	            		<HorizontalLayout height="100">
	            			<Control name="space"  />
            				<VerticalLayout width="265">
            					<Control bkimage="MyCloud\cloud_update_tip.png" height="100" />
            					<Control name="space"  />
            				</VerticalLayout>
	            			<Control name="space"  />
	            		</HorizontalLayout>
	            		<Control name="space"  />
	            	</VerticalLayout>
	            	<Control name="space"  />
	            </VerticalLayout>
			</Container>


        </VerticalLayout>
        <Control width="34"/>
        <Edit name="renamelayout" float="true" visible="false" width="160" height="28" bordersize="1" bordercolor="#FF000000"   bkcolor="#FFFFFFFF" nativebkcolor="#FFFFFFFF"  />
    </HorizontalLayout>
</Root>
