<?xml version="1.0" encoding="utf-8" standalone="yes" ?>
<Window size="540,368"  caption="0,0,0,25"  >
<Font name="微软雅黑" size="14" default="true" />
<Font name="微软雅黑" size="16" bold="true" />
<Font name="微软雅黑" size="22"/>
<Font name="微软雅黑" size="10"/>
<Font name="微软雅黑" size="11"/>
<VerticalLayout bkcolor="#FFFFFFFF" showshadow="true" >
    <HorizontalLayout height="32">
        <HorizontalLayout width="12"/>
        <VerticalLayout width="71">
            <HorizontalLayout width="71" height = "12"/>
            <Label width="71" height="19"  bkimage="MyCloud/newfolder.png" />
        </VerticalLayout>
        <HorizontalLayout />
        <VerticalLayout width="17" >
            <HorizontalLayout width="17" />
            <Button  name="close" width="17" height="14" normalimage="file='vclose.png' source='0,0,17,14'" hotimage="file='vclose.png' source='17,0,34,14'" pushedimage="file='vclose.png' source='34,0,51,14'" />
            <HorizontalLayout />
        </VerticalLayout>
        <HorizontalLayout width="5" />
    </HorizontalLayout>
    <HorizontalLayout height="10" />
    <HorizontalLayout height="1"  bkcolor="#FFD2D2D2"   />
    <HorizontalLayout height="80" />
    <HorizontalLayout height="28">
        <HorizontalLayout />
        <Edit name="foldername" height="28" tipvalue="新建文件夹" bordercolor="#FFDCDCDC" bordersize="1" />
        <HorizontalLayout />
    </HorizontalLayout>
    <HorizontalLayout height="44" />
    <HorizontalLayout height="32">
        <HorizontalLayout width="222"/>
        <Button  name="btnOk" width="96" height="32" normalimage="file='MyCloud/CloudOk.png' source='0,0,96,32'" hotimage="file='MyCloud/CloudOk.png' source='96,0,192,32'" pushedimage="file='MyCloud/CloudOk.png' source='192,0,288,32'" />
        <HorizontalLayout />
    </HorizontalLayout>
</VerticalLayout>
</Window>