<?xml version="1.0" encoding="utf-8" standalone="yes" ?>
<Window size="540,316"  caption="0,0,0,25"  >
<Font name="微软雅黑" size="14" default="true" />
<Font name="微软雅黑" size="16" bold="true" />
<Font name="微软雅黑" size="22"/>
<Font name="微软雅黑" size="10"/>
<Font name="微软雅黑" size="11"/>
<VerticalLayout bkcolor="#FFFFFFFF" showshadow="true" >
    <HorizontalLayout height="43" >
        <HorizontalLayout width="12"/>
        <VerticalLayout width="57">
            <HorizontalLayout width="57" height ="12"/>
            <Label width="57" height="19" bkimage="file='mycloud/shared.png'"  />
        </VerticalLayout>
        <HorizontalLayout />
        <VerticalLayout width="12" >
            <HorizontalLayout width="10" />
            <Button  name="close" width="12" height="12" normalimage="file='mycloud/close.png' source='0,0,12,12'" hotimage="file='mycloud/close.png' source='12,0,24,12'" pushedimage="file='mycloud/close.png' source='24,0,36,12'" />
            <HorizontalLayout />
        </VerticalLayout>
        <HorizontalLayout width="10" />
    </HorizontalLayout>
    <HorizontalLayout height="1"  bkcolor="#FFD2D2D2"   />
   <!--下面是第二部分  -->
    <HorizontalLayout height="68" >
        <HorizontalLayout width="20"/>
        <HorizontalLayout >
            <VerticalLayout width="360"  >
                <HorizontalLayout />
                <HorizontalLayout height="23" >
                    <Label width="72" bkimage="file='mycloud/sharedlink.png' dest='0,6,72,23'" />
                    <Label width="10" />
                    <VerticalLayout >
                        <RichEdit height="22" readonly="true" name="sharedlink"  text="" readonly="true" font="0" align="center" valign="center" />
                        <Label height="1" bkcolor="#FFCCCCCC" />
                    </VerticalLayout>
                </HorizontalLayout>
            </VerticalLayout>
            <HorizontalLayout />
            <VerticalLayout width="58"  >
                <HorizontalLayout />
                <Label name="qrpic"  height="58" width="58" />
            </VerticalLayout>
        </HorizontalLayout>
        <HorizontalLayout width="20" />
    </HorizontalLayout>
    <!--第三部分-->
    <HorizontalLayout height="40" />
    <HorizontalLayout height="23"  >
        <HorizontalLayout width="20"/>
        <VerticalLayout width="181">
            <HorizontalLayout height="23">
                <Label width="71" height="19" bkimage="file='mycloud/sharedaccess.png'"  />
                <HorizontalLayout width="10"/>
                <VerticalLayout width="110">
                    <RichEdit name="sharedaccess" readonly="true" text="" readonly="true" width="110" height="22" font="0" align="center" valign="center" />
                    <Label name="line4" height="1" bkcolor="#FFCCCCCC"/>
                </VerticalLayout>
            </HorizontalLayout >
        </VerticalLayout>
        <HorizontalLayout width="118" />
        <VerticalLayout >
            <HorizontalLayout height="23">
                <Label width="71" height="19" bkimage="file='mycloud/shareddls.png'"  />
                <HorizontalLayout width="10"/>
                <VerticalLayout >
                    <RichEdit name="shareddls" readonly="true" text="" height="22" font="0" align="center" valign="center" />
                    <Label height="1"  bkcolor="#FFCCCCCC"/>
                </VerticalLayout>
            </HorizontalLayout >
        </VerticalLayout>
        <HorizontalLayout width="20" />
    </HorizontalLayout>
    <!--第四部分-->    
    <HorizontalLayout height="40" />
    <HorizontalLayout height="23"  >
        <HorizontalLayout width="20"/>
        <VerticalLayout width="181">
            <HorizontalLayout height="23">
                <Label width="71" height="19" bkimage="file='mycloud/sharedtime.png'"  />
                <HorizontalLayout width="10"/>
                <VerticalLayout width="110">
                    <RichEdit name="sharedtime" text="" readonly="true" width="110" height="22" font="0" align="center" valign="center" />
                    <Label  height="1" bkcolor="#FFCCCCCC"/>
                </VerticalLayout>
            </HorizontalLayout >
        </VerticalLayout>
        <HorizontalLayout width="146" />
        <VerticalLayout >
            <HorizontalLayout height="23">
                <Label width="43" height="19" bkimage="file='mycloud/sharedpw.png'"  />
                <HorizontalLayout width="10"/>
                <VerticalLayout >
                    <RichEdit name="sharedpw" text="" align="center" valign="top" readonly="true" height="22" font="0"  />
                    <Label height="1"  bkcolor="#FFCCCCCC"/>
                </VerticalLayout>
            </HorizontalLayout >
        </VerticalLayout>
        <HorizontalLayout width="20" />
    </HorizontalLayout>
    <HorizontalLayout />
    <HorizontalLayout height="32" >
        <HorizontalLayout />
        <Button width="96" name="copylink" normalimage="file='mycloud/copylink.png' source='0,0,96,32'" hotimage="file='mycloud/copylink.png' source='96,0,192,32'" pushedimage="file='mycloud/copylink.png' source='192,0,288,32'" />
        <HorizontalLayout />
    </HorizontalLayout>
    <HorizontalLayout height="24" />
</VerticalLayout>
</Window>