<?xml version="1.0" encoding="utf-8" standalone="yes" ?>
<Window size="360,236"  caption="0,0,0,25" >
<Font name="微软雅黑" size="14" default="true" />
<Font name="微软雅黑" size="16" bold="true" />
<Font name="微软雅黑" size="22"/>
<Font name="微软雅黑" size="10"/>
<Font name="微软雅黑" size="12"/>
<VerticalLayout bkcolor="#FFFFFFFF" showshadow="true" >
    <HorizontalLayout height="34" bkcolor="#FFc9af6e">
        <HorizontalLayout width="20"/>
        <VerticalLayout width="71">
            <HorizontalLayout width="71" height ="8"/>
            <Label width="71" height="19" text="提示" textcolor="#FFFFFFFF" />
        </VerticalLayout>
        <HorizontalLayout />
        <VerticalLayout width="12" >
            <HorizontalLayout width="12" />
            <Button  name="close" width="12" height="12" normalimage="file='MyCloud/whiteclose.png' source='0,0,12,12'" hotimage="file='MyCloud/whiteclose.png' source='12,0,24,12'" pushedimage="file='MyCloud/whiteclose.png' source='24,0,36,12'" />
            <HorizontalLayout />
        </VerticalLayout>
        <HorizontalLayout width="20" />
    </HorizontalLayout>
    <HorizontalLayout height="1"  bkcolor="#FFD2D2D2"   />
    <HorizontalLayout height="59" />
    <HorizontalLayout height="28">
        <HorizontalLayout width="28"/>
         <Label width="320" height="16" text="您保存的文档即将同步至手机端，是否保留手机端的文档" font="4" textcolor="#FF9B9B9B" />
        <HorizontalLayout />
    </HorizontalLayout>
    <HorizontalLayout height="68" />    
    <HorizontalLayout height="32">
        <HorizontalLayout width="45"/>
        <Button  name="synccancle" width="96" height="32" normalimage="file='MyCloud/CloudCancel.png' source='0,0,96,32'" hotimage="file='MyCloud/CloudCancel.png' source='96,0,192,32'" pushedimage="file='MyCloud/CloudCancel.png' source='192,0,288,32'" />
        <HorizontalLayout width="80"/>
        <Button  name="syncok" width="96" height="32" normalimage="file='MyCloud/CloudOk.png' source='0,0,96,32'" hotimage="file='MyCloud/CloudOk.png' source='96,0,192,32'" pushedimage="file='MyCloud/CloudOk.png' source='192,0,288,32'" />
        <HorizontalLayout />        
    </HorizontalLayout>
</VerticalLayout>
</Window>